lastName,firstName,patronymic,phone,email,snils,birthday
Назаров,Егор,Борисович,89990006325,user0@mail.ru,000-568-245 10,23.12.1966
Авдеева,Ульяна,Валерьевна,89990036103,user1@mail.ru,000-916-330 98,29.12.1977
Дмитриев,Вячеслав,Сергеевич,89990037965,user2@mail.ru,001-698-777 61,16.10.1999
Зайцева,Анна,Александровна,89990041424,user3@mail.ru,001-727-155 04,09.01.1938
Хохлов,Григорий,Георгиевич,89990049166,user4@mail.ru,003-119-079 91,17.08.1937
Носкова,Дарья,Романовна,89990061425,user5@mail.ru,003-718-788 44,08.04.1945
Елисеев,Валентин,Сергеевич,89990115398,user6@mail.ru,003-847-865 57,19.01.1961
Александрова,Вероника,Олеговна,89990116456,user7@mail.ru,004-379-521 36,17.07.1959
Родионов,Артём,Сергеевич,89990124006,user8@mail.ru,005-327-076 10,19.06.1934
Орехова,Анастасия,Ивановна,89990133321,user9@mail.ru,005-535-956 42,13.10.1983
Трофимов,Андрей,Никитич,89990134190,user10@mail.ru,007-965-963 94,06.11.1955
Сорокина,Лидия,Никитична,89990137774,user11@mail.ru,010-044-321 58,14.03.1941
Пахомов,Валентин,Лаврентьевич,89990138163,user12@mail.ru,010-411-300 50,06.09.1981
Стрелкова,Антонина,Евгеньевна,89990208339,user13@mail.ru,010-668-579 43,17.11.1944
Фокин,Роман,Георгиевич,89990208468,user14@mail.ru,010-778-609 43,28.10.1982
Зимина,Надежда,Викторовна,89990208571,user15@mail.ru,011-611-090 78,23.04.1939
Тетерин,Никита,Ильич,89990216597,user16@mail.ru,013-523-622 04,27.02.1984
Пестова,Алина,Арсеньевна,89990242087,user17@mail.ru,014-116-549 02,19.08.2002
Лазарев,Леонид,Евгеньевич,89990246399,user18@mail.ru,015-100-660 79,10.11.1987
Бобылева,Анна,Артёмовна,89990249294,user19@mail.ru,018-113-146 03,21.04.1940
Родионов,Фёдор,Вадимович,89990265708,user20@mail.ru,018-217-152 23,23.12.1937
Костина,Зинаида,Аркадьевна,89990265895,user21@mail.ru,018-353-914 51,11.01.1977
Медведев,Евгений,Даниилович,89990278450,user22@mail.ru,020-389-267 34,22.04.1997
Фокина,Светлана,Владимировна,89990279286,user23@mail.ru,021-583-785 46,28.01.1987
Петухов,Анатолий,Лаврентьевич,89990291097,user24@mail.ru,021-675-675 50,21.07.1997
Рогова,Ольга,Владимировна,89990292580,user25@mail.ru,022-060-919 98,24.11.1977
Лыткин,Владислав,Юрьевич,89990298134,user26@mail.ru,022-544-346 18,08.12.1976
Меркушева,Екатерина,Дмитриевна,89990299742,user27@mail.ru,022-820-426 09,27.09.1996
Третьяков,Лаврентий,Валерьевич,89990300971,user28@mail.ru,023-396-601 42,01.10.1977
Емельянова,Клавдия,Вячеславовна,89990341300,user29@mail.ru,024-197-781 60,22.02.1991
Туров,Михаил,Михайлович,89990345317,user30@mail.ru,025-012-234 80,07.08.1990
Николаева,Марина,Романовна,89990348843,user31@mail.ru,025-803-335 30,21.06.2005
Бирюков,Василий,Игоревич,89990357005,user32@mail.ru,025-985-331 80,05.06.1941
Тарасова,Виктория,Александровна,89990366722,user33@mail.ru,026-827-618 71,15.01.1943
Доронин,Фёдор,Максимович,89990374440,user34@mail.ru,027-755-840 83,29.07.1929
Фролова,Ирина,Степановна,89990376863,user35@mail.ru,028-954-084 86,18.05.1928
Селезнев,Валерий,Георгиевич,89990383862,user36@mail.ru,029-306-467 51,28.02.1999
Калашникова,Лидия,Макаровна,89990405855,user37@mail.ru,029-747-224 82,24.11.1979
Шестаков,Юрий,Вадимович,89990410981,user38@mail.ru,031-207-245 90,06.11.1992
Дмитриева,Тамара,Матвеевна,89990431230,user39@mail.ru,032-984-707 75,25.07.1942
Пестов,Станислав,Вячеславович,89990432687,user40@mail.ru,035-328-342 37,27.06.1991
Лобанова,Раиса,Лаврентьевна,89990432761,user41@mail.ru,035-500-571 18,18.06.1982
Вишняков,Олег,Егорович,89990435267,user42@mail.ru,035-666-258 72,09.10.1960
Герасимова,Александра,Антоновна,89990437514,user43@mail.ru,037-150-553 31,20.05.2003
Силин,Игорь,Игоревич,89990461344,user44@mail.ru,039-889-142 22,18.12.1974
Ситникова,Нина,Степановна,89990470238,user45@mail.ru,041-493-140 30,06.12.2002
Галкин,Константин,Ильич,89990478899,user46@mail.ru,041-856-361 57,09.04.1937
Гурьева,Евгения,Ильинична,89990504858,user47@mail.ru,043-971-747 81,18.03.1982
Соловьев,Василий,Фёдорович,89990509290,user48@mail.ru,044-309-735 45,24.12.1926
Мартынова,Лариса,Валентиновна,89990509350,user49@mail.ru,045-434-646 53,05.09.1935
Зайцев,Геннадий,Владиславович,89990517529,user50@mail.ru,046-422-824 47,20.06.1961
Морозова,Валерия,Станиславовна,89990526285,user51@mail.ru,046-717-890 90,12.05.1932
Нестеров,Сергей,Егорович,89990528739,user52@mail.ru,047-226-424 46,17.09.2001
Сергеева,Александра,Степановна,89990538508,user53@mail.ru,047-513-084 47,20.12.1956
Коновалов,Борис,Эдуардович,89990545266,user54@mail.ru,047-556-421 76,30.05.1974
Лазарева,Марина,Валентиновна,89990557170,user55@mail.ru,047-806-485 85,10.12.1940
Субботин,Семён,Семёнович,89990566397,user56@mail.ru,048-571-203 65,24.09.1992
Тихонова,Мария,Романовна,89990573817,user57@mail.ru,051-486-669 73,10.02.1927
Тарасов,Юрий,Андреевич,89990592692,user58@mail.ru,051-654-208 37,17.03.1948
Горбачева,Елизавета,Вадимовна,89990598257,user59@mail.ru,053-387-713 72,03.01.1999
Исаков,Геннадий,Вадимович,89990601141,user60@mail.ru,054-514-724 47,01.06.1995
Лукина,Любовь,Максимовна,89990602295,user61@mail.ru,054-929-734 98,03.03.1966
Колесников,Денис,Владимирович,89990604059,user62@mail.ru,056-141-702 34,13.11.1975
Давыдова,София,Дмитриевна,89990605005,user63@mail.ru,056-684-761 06,15.07.1982
Уваров,Степан,Иванович,89990605325,user64@mail.ru,059-524-132 69,27.02.1926
Никонова,Татьяна,Лаврентьевна,89990610333,user65@mail.ru,060-054-112 96,07.03.1942
Яковлев,Герман,Евгеньевич,89990629149,user66@mail.ru,060-210-096 89,06.08.1970
Копылова,Зинаида,Романовна,89990639280,user67@mail.ru,060-369-576 66,20.04.1973
Медведев,Александр,Витальевич,89990645174,user68@mail.ru,061-516-324 30,31.08.1928
Вишнякова,Арина,Станиславовна,89990654292,user69@mail.ru,065-109-977 72,11.08.1982
Федосеев,Николай,Вячеславович,89990668414,user70@mail.ru,065-306-542 49,06.10.2000
Куликова,Людмила,Данииловна,89990709924,user71@mail.ru,069-158-436 97,30.01.1973
Исаков,Матвей,Макарович,89990717719,user72@mail.ru,069-405-691 91,07.03.1930
Гаврилова,Ксения,Максимовна,89990720858,user73@mail.ru,069-571-470 04,11.07.1957
Сергеев,Алексей,Анатольевич,89990725507,user74@mail.ru,069-881-714 28,15.12.1966
Маслова,Екатерина,Ильинична,89990728769,user75@mail.ru,070-866-024 65,30.03.1959
Туров,Артём,Владиславович,89990733653,user76@mail.ru,071-514-037 26,18.03.2002
Исаева,Виктория,Вадимовна,89990741095,user77@mail.ru,072-059-606 54,19.05.1956
Молчанов,Владимир,Максимович,89990772555,user78@mail.ru,073-286-239 73,21.05.1962
Соболева,Любовь,Эдуардовна,89990784338,user79@mail.ru,074-237-479 73,03.03.1976
Симонов,Валерий,Игнатьевич,89990795961,user80@mail.ru,074-730-372 65,25.02.1974
Сергеева,Алёна,Артёмовна,89990809750,user81@mail.ru,074-827-916 03,09.03.1963
Ширяев,Даниил,Валерьевич,89990847876,user82@mail.ru,075-234-821 62,07.04.1979
Карпова,Маргарита,Александровна,89990848583,user83@mail.ru,076-885-213 15,08.10.1975
Исаков,Альберт,Альбертович,89990857651,user84@mail.ru,078-448-748 23,24.10.1952
Панфилова,Ульяна,Николаевна,89990857933,user85@mail.ru,078-885-414 36,29.12.1935
Сысоев,Виталий,Романович,89990884675,user86@mail.ru,079-472-152 00,15.02.1984
Крюкова,Оксана,Арсеньевна,89990900664,user87@mail.ru,079-900-715 00,29.06.1985
Герасимов,Василий,Юрьевич,89990915655,user88@mail.ru,080-007-109 03,03.06.1988
Никифорова,Юлия,Антоновна,89990923877,user89@mail.ru,080-353-228 36,09.06.1934
Власов,Григорий,Васильевич,89990924338,user90@mail.ru,081-095-580 66,09.11.1963
Силина,Екатерина,Денисовна,89990931212,user91@mail.ru,081-905-526 69,24.01.1962
Козлов,Валерий,Борисович,89990940875,user92@mail.ru,087-631-703 91,02.03.1983
Маслова,Елизавета,Евгеньевна,89990950103,user93@mail.ru,090-225-105 21,30.07.1937
Тетерин,Виктор,Андреевич,89990964403,user94@mail.ru,090-367-257 70,27.03.1931
Михайлова,Галина,Евгеньевна,89990971414,user95@mail.ru,090-730-455 55,18.08.1942
Мухин,Даниил,Эдуардович,89990979176,user96@mail.ru,091-922-998 02,11.02.1975
Носкова,Маргарита,Романовна,89990995050,user97@mail.ru,091-975-890 28,05.12.2000
Пономарев,Андрей,Олегович,89990995936,user98@mail.ru,092-038-327 52,11.04.1954
Пахомова,Оксана,Матвеевна,89991035597,user99@mail.ru,092-150-542 41,10.08.1938
Брагин,Даниил,Максимович,89991035818,user100@mail.ru,096-261-536 86,07.03.1975
Мельникова,Анжела,Анатольевна,89991037783,user101@mail.ru,097-058-273 00,08.11.1986
Трофимов,Валерий,Борисович,89991043177,user102@mail.ru,100-555-023 91,25.10.1947
Фадеева,Ксения,Владимировна,89991050690,user103@mail.ru,100-999-978 92,20.11.2002
Антонов,Иван,Максимович,89991068920,user104@mail.ru,101-296-430 14,02.05.1991
Тарасова,Ульяна,Аркадьевна,89991076146,user105@mail.ru,102-351-224 84,25.09.1983
Козлов,Матвей,Борисович,89991111065,user106@mail.ru,103-158-497 29,26.01.2000
Гурьева,Вера,Аркадьевна,89991112544,user107@mail.ru,103-910-571 18,03.08.1956
Борисов,Геннадий,Григорьевич,89991136121,user108@mail.ru,104-525-813 25,07.11.1968
Дементьева,Регина,Анатольевна,89991142951,user109@mail.ru,104-816-341 31,31.07.1982
Громов,Егор,Георгиевич,89991151131,user110@mail.ru,105-993-472 82,01.12.1937
Белозерова,Ангелина,Александровна,89991156278,user111@mail.ru,108-467-560 73,17.04.1950
Вишняков,Игорь,Витальевич,89991174395,user112@mail.ru,113-858-446 68,01.09.1925
Никонова,Валентина,Вадимовна,89991184588,user113@mail.ru,114-919-752 72,28.08.1969
Ширяев,Борис,Ярославович,89991186174,user114@mail.ru,117-671-724 69,31.03.1930
Семенова,София,Денисовна,89991193703,user115@mail.ru,120-489-572 55,27.08.1961
Котов,Денис,Сергеевич,89991197949,user116@mail.ru,120-681-292 30,22.12.1966
Агафонова,Татьяна,Валерьевна,89991199414,user117@mail.ru,121-020-654 74,21.10.1930
Макаров,Юрий,Лаврентьевич,89991229135,user118@mail.ru,122-677-831 68,25.06.1998
Носова,Ангелина,Арсеньевна,89991238478,user119@mail.ru,123-257-992 57,17.11.1950
Панфилов,Геннадий,Фёдорович,89991244066,user120@mail.ru,123-409-327 25,23.04.1946
Евдокимова,Нина,Алексеевна,89991251827,user121@mail.ru,123-422-048 03,30.06.2004
Матвеев,Станислав,Константинович,89991253891,user122@mail.ru,124-913-460 47,19.07.1928
Филатова,Оксана,Витальевна,89991255726,user123@mail.ru,125-611-492 36,21.08.1968
Зимин,Олег,Иванович,89991278744,user124@mail.ru,125-915-496 74,13.01.1978
Орлова,Варвара,Григорьевна,89991280199,user125@mail.ru,126-579-336 88,11.08.1949
Федотов,Антон,Ярославович,89991282853,user126@mail.ru,127-400-804 25,21.09.1930
Князева,Варвара,Макаровна,89991287749,user127@mail.ru,128-797-159 16,08.03.1963
Константинов,Виталий,Антонович,89991289597,user128@mail.ru,128-925-354 87,23.01.1969
Костина,Елизавета,Дмитриевна,89991291906,user129@mail.ru,129-483-473 92,27.12.1961
Журавлев,Игнатий,Романович,89991294608,user130@mail.ru,130-165-582 21,19.08.1984
Капустина,Лидия,Аркадьевна,89991301498,user131@mail.ru,131-116-738 09,25.10.1973
Кулаков,Вячеслав,Станиславович,89991321037,user132@mail.ru,131-322-099 02,20.04.2005
Горбачева,Жанна,Сергеевна,89991346001,user133@mail.ru,132-688-382 81,18.03.1964
Анисимов,Антон,Олегович,89991351114,user134@mail.ru,132-972-256 65,15.02.1942
Симонова,Татьяна,Лаврентьевна,89991356941,user135@mail.ru,133-399-033 61,17.03.1940
Сидоров,Олег,Степанович,89991366447,user136@mail.ru,133-778-221 73,15.10.1983
Силина,Лидия,Константиновна,89991367877,user137@mail.ru,134-535-392 54,18.03.1933
Лапин,Алексей,Юрьевич,89991368839,user138@mail.ru,134-709-761 72,04.01.1958
Прохорова,Клавдия,Валерьевна,89991380857,user139@mail.ru,135-630-914 51,05.08.1989
Доронин,Евгений,Юрьевич,89991381648,user140@mail.ru,137-035-959 62,11.06.2004
Зиновьева,Таисия,Антоновна,89991398328,user141@mail.ru,137-988-426 28,18.12.1959
Калашников,Евгений,Максимович,89991415350,user142@mail.ru,138-128-833 69,24.07.2003
Виноградова,Юлия,Евгеньевна,89991418688,user143@mail.ru,139-550-901 78,18.04.1945
Панов,Алексей,Альбертович,89991426042,user144@mail.ru,142-788-973 11,03.04.1932
Овчинникова,Александра,Данииловна,89991433709,user145@mail.ru,143-355-967 70,22.09.1982
Некрасов,Егор,Васильевич,89991434660,user146@mail.ru,143-503-120 10,13.04.1934
Сидорова,Таисия,Игоревна,89991455836,user147@mail.ru,144-495-883 00,15.08.1969
Моисеев,Григорий,Владиславович,89991467516,user148@mail.ru,145-086-429 64,31.05.1971
Тимофеева,Александра,Макаровна,89991479271,user149@mail.ru,145-401-913 35,18.02.1983
Миронов,Егор,Александрович,89991481796,user150@mail.ru,148-030-093 32,30.09.1937
Колесникова,Ульяна,Алексеевна,89991487244,user151@mail.ru,148-673-910 07,07.08.1958
Кабанов,Дмитрий,Дмитриевич,89991488981,user152@mail.ru,150-289-624 62,09.08.1989
Селезнева,Антонина,Ивановна,89991496217,user153@mail.ru,151-696-394 91,14.12.2003
Родионов,Лука,Макарович,89991501314,user154@mail.ru,152-622-486 50,16.05.1985
Коновалова,Мария,Эдуардовна,89991507184,user155@mail.ru,154-077-183 61,28.06.1973
Кириллов,Фёдор,Витальевич,89991509146,user156@mail.ru,154-640-799 80,03.12.1988
Тимофеева,Антонина,Вадимовна,89991512152,user157@mail.ru,154-862-017 71,04.06.1954
Миронов,Аркадий,Валентинович,89991513504,user158@mail.ru,158-847-863 38,30.07.1938
Гордеева,Клавдия,Валерьевна,89991517099,user159@mail.ru,163-961-308 82,10.09.1966
Носов,Григорий,Степанович,89991529462,user160@mail.ru,164-680-891 02,23.07.1974
Никонова,Ольга,Германовна,89991534843,user161@mail.ru,165-396-280 00,05.06.1948
Дементьев,Семён,Игнатьевич,89991540661,user162@mail.ru,165-482-929 02,02.12.1966
Пахомова,Зоя,Степановна,89991562340,user163@mail.ru,166-731-050 69,15.03.1964
Гусев,Денис,Ильич,89991578245,user164@mail.ru,170-021-405 96,02.01.1952
Давыдова,Людмила,Артёмовна,89991597873,user165@mail.ru,171-829-332 82,13.07.2004
Шестаков,Николай,Васильевич,89991599786,user166@mail.ru,173-472-661 83,26.04.1997
Терентьева,Ангелина,Матвеевна,89991608323,user167@mail.ru,173-591-646 96,24.04.1933
Селиверстов,Артём,Геннадьевич,89991622903,user168@mail.ru,174-467-785 15,07.06.1939
Субботина,Анна,Ярославовна,89991642610,user169@mail.ru,177-109-710 78,25.01.1951
Киселев,Евгений,Матвеевич,89991644634,user170@mail.ru,177-270-133 72,10.02.1936
Степанова,Анжела,Егоровна,89991653802,user171@mail.ru,177-424-013 68,05.03.1991
Князев,Эдуард,Георгиевич,89991674371,user172@mail.ru,177-935-291 26,22.11.1989
Чернова,Таисия,Владиславовна,89991718484,user173@mail.ru,178-427-168 04,21.02.1958
Буров,Леонид,Матвеевич,89991736387,user174@mail.ru,179-076-790 24,08.08.1932
Тетерина,Галина,Денисовна,89991740244,user175@mail.ru,179-428-432 12,23.05.1937
Лукин,Эдуард,Егорович,89991746418,user176@mail.ru,179-535-131 01,20.11.1972
Дорофеева,Елена,Юрьевна,89991750955,user177@mail.ru,181-018-175 38,15.06.1975
Родионов,Сергей,Витальевич,89991755597,user178@mail.ru,182-077-058 67,04.03.2000
Нестерова,Римма,Данииловна,89991769684,user179@mail.ru,182-122-520 29,10.05.1998
Захаров,Антон,Игнатьевич,89991780315,user180@mail.ru,182-883-869 30,18.06.1934
Уварова,Галина,Вадимовна,89991800069,user181@mail.ru,183-512-161 52,19.08.1932
Фомичев,Евгений,Фёдорович,89991800781,user182@mail.ru,185-176-429 97,27.05.1957
Титова,Вера,Андреевна,89991803310,user183@mail.ru,186-721-923 03,14.04.1939
Макаров,Артём,Ильич,89991813901,user184@mail.ru,187-466-468 30,19.07.1979
Егорова,Лариса,Альбертовна,89991820909,user185@mail.ru,187-468-471 33,20.10.1986
Тихонов,Геннадий,Степанович,89991823009,user186@mail.ru,188-246-777 25,17.08.1976
Сазонова,Людмила,Лаврентьевна,89991823544,user187@mail.ru,189-891-268 57,16.03.1994
Зимин,Игнатий,Вячеславович,89991831297,user188@mail.ru,193-523-403 68,25.05.1937
Гущина,Любовь,Денисовна,89991849343,user189@mail.ru,194-661-609 04,26.05.1982
Самсонов,Александр,Валерьевич,89991853309,user190@mail.ru,196-885-197 57,18.02.1994
Русакова,Екатерина,Романовна,89991861810,user191@mail.ru,197-268-197 30,18.03.1998
Блинов,Степан,Борисович,89991862430,user192@mail.ru,198-370-216 02,26.04.1940
Павлова,Регина,Никитична,89991907194,user193@mail.ru,199-372-329 25,15.10.1989
Нестеров,Николай,Васильевич,89991938378,user194@mail.ru,201-241-054 75,13.05.1948
Смирнова,Лидия,Игнатьевна,89991940414,user195@mail.ru,202-049-122 97,19.12.1959
Белозеров,Дмитрий,Игнатьевич,89991943212,user196@mail.ru,203-734-320 24,14.10.1964
Беспалова,Мария,Валентиновна,89991952414,user197@mail.ru,204-923-459 52,11.01.1977
Мишин,Николай,Андреевич,89991957247,user198@mail.ru,205-736-666 69,08.01.1994
Комиссарова,Оксана,Александровна,89991965675,user199@mail.ru,205-969-354 95,28.12.1925
Михеев,Ярослав,Фёдорович,89991966751,user200@mail.ru,206-589-185 89,29.12.1933
Сидорова,София,Ярославовна,89991978362,user201@mail.ru,207-863-186 81,14.03.1955
Яковлев,Ярослав,Васильевич,89991983456,user202@mail.ru,208-658-558 99,28.10.1963
Красильникова,Анжела,Эдуардовна,89991989337,user203@mail.ru,210-797-771 76,13.09.1928
Бобылев,Иван,Игнатьевич,89991998451,user204@mail.ru,210-986-145 59,21.11.1991
Мельникова,Анастасия,Михайловна,89991999498,user205@mail.ru,211-574-569 49,19.04.1929
Ситников,Даниил,Степанович,89992038344,user206@mail.ru,212-112-425 80,05.08.1940
Прохорова,Любовь,Михайловна,89992061216,user207@mail.ru,212-534-725 30,02.08.1994
Горбунов,Егор,Валерьевич,89992068662,user208@mail.ru,214-564-022 35,16.09.1956
Филатова,Антонида,Алексеевна,89992082881,user209@mail.ru,214-676-910 77,19.11.1961
Федотов,Артём,Юрьевич,89992086986,user210@mail.ru,214-827-484 71,18.12.1994
Мясникова,Нина,Макаровна,89992098549,user211@mail.ru,218-759-398 18,27.07.1955
Никитин,Андрей,Григорьевич,89992107778,user212@mail.ru,222-684-530 60,03.02.1971
Григорьева,Александра,Данииловна,89992116081,user213@mail.ru,223-169-295 55,02.09.1984
Самсонов,Николай,Вадимович,89992131530,user214@mail.ru,226-303-543 31,07.07.2002
Ефимова,Регина,Станиславовна,89992132064,user215@mail.ru,226-892-998 28,13.09.1982
Борисов,Макар,Владимирович,89992145787,user216@mail.ru,226-903-131 51,08.01.1971
Ковалева,Регина,Олеговна,89992148259,user217@mail.ru,227-354-191 63,07.10.1991
Тихонов,Александр,Дмитриевич,89992148612,user218@mail.ru,227-397-846 10,14.12.1964
Абрамова,Анна,Максимовна,89992158924,user219@mail.ru,229-807-904 02,02.03.1980
Семенов,Сергей,Георгиевич,89992166558,user220@mail.ru,230-047-358 16,19.04.1960
Уварова,Валентина,Викторовна,89992177898,user221@mail.ru,231-107-074 00,23.02.1964
Захаров,Владимир,Алексеевич,89992181060,user222@mail.ru,231-937-095 68,31.08.1957
Никитина,Римма,Макаровна,89992192766,user223@mail.ru,232-567-487 78,16.01.1982
Мухин,Игнатий,Артёмович,89992196287,user224@mail.ru,233-482-999 88,20.05.1992
Белякова,Дарья,Альбертовна,89992200006,user225@mail.ru,233-835-890 87,09.05.1987
Колобов,Леонид,Алексеевич,89992208231,user226@mail.ru,234-307-572 46,06.10.1974
Алексеева,Антонида,Григорьевна,89992212408,user227@mail.ru,234-608-549 69,08.08.1988
Шаров,Дмитрий,Олегович,89992213776,user228@mail.ru,234-929-041 78,05.09.1979
Уварова,Тамара,Георгиевна,89992215002,user229@mail.ru,235-210-738 28,15.11.1965
Иванов,Григорий,Максимович,89992219938,user230@mail.ru,237-625-095 79,12.11.1987
Давыдова,Варвара,Максимовна,89992227950,user231@mail.ru,239-128-984 99,06.08.1972
Стрелков,Илья,Иванович,89992239995,user232@mail.ru,239-490-871 11,16.12.2001
Владимирова,Клавдия,Макаровна,89992247964,user233@mail.ru,240-313-484 16,10.07.1930
Зыков,Денис,Валентинович,89992252154,user234@mail.ru,240-414-035 05,25.12.1970
Елисеева,Анжелика,Григорьевна,89992256776,user235@mail.ru,240-778-472 86,25.10.1941
Крюков,Василий,Арсеньевич,89992286620,user236@mail.ru,241-102-204 81,16.12.1926
Белякова,Анна,Борисовна,89992291623,user237@mail.ru,241-535-427 44,24.08.1971
Пономарев,Игнатий,Арсеньевич,89992297283,user238@mail.ru,248-381-060 79,02.06.1929
Никифорова,Евгения,Семёновна,89992309656,user239@mail.ru,249-003-820 52,15.02.1937
Абрамов,Степан,Лукич,89992328180,user240@mail.ru,250-044-707 21,12.02.2002
Афанасьева,Клавдия,Игоревна,89992353835,user241@mail.ru,250-894-776 06,12.12.1934
Маслов,Юрий,Антонович,89992359308,user242@mail.ru,251-228-498 56,21.12.1946
Егорова,Оксана,Данииловна,89992363358,user243@mail.ru,253-320-732 35,27.03.1936
Котов,Дмитрий,Игнатьевич,89992365578,user244@mail.ru,254-244-489 70,31.03.1939
Попова,Елизавета,Семёновна,89992371372,user245@mail.ru,255-183-809 83,19.11.2001
Белов,Ярослав,Анатольевич,89992371941,user246@mail.ru,255-374-183 83,21.06.1937
Горбачева,Регина,Данииловна,89992374326,user247@mail.ru,255-725-026 74,19.10.1990
Волков,Макар,Лукич,89992377487,user248@mail.ru,255-955-086 12,28.09.2004
Русакова,Таисия,Ярославовна,89992390761,user249@mail.ru,256-745-266 04,03.07.1926
Королев,Семён,Евгеньевич,89992425401,user250@mail.ru,257-654-558 15,09.02.1967
Крюкова,Алёна,Матвеевна,89992443094,user251@mail.ru,259-520-077 81,18.07.1987
Третьяков,Вячеслав,Константинович,89992448563,user252@mail.ru,259-747-392 38,25.02.1965
Козлова,Раиса,Владиславовна,89992450634,user253@mail.ru,260-906-921 75,19.08.2004
Елисеев,Владислав,Константинович,89992464781,user254@mail.ru,261-256-683 70,06.10.1969
Носова,Зоя,Артёмовна,89992494930,user255@mail.ru,263-735-480 91,12.03.1931
Дементьев,Николай,Денисович,89992501028,user256@mail.ru,264-121-936 52,06.06.1983
Ефимова,Клавдия,Вадимовна,89992525747,user257@mail.ru,264-192-489 89,20.10.1958
Исаков,Алексей,Николаевич,89992535937,user258@mail.ru,264-604-700 66,14.12.1972
Зыкова,Вера,Витальевна,89992544628,user259@mail.ru,264-731-203 63,10.06.1938
Гурьев,Герман,Даниилович,89992593253,user260@mail.ru,265-334-332 66,14.11.1954
Гущина,Маргарита,Романовна,89992615196,user261@mail.ru,266-900-722 88,03.12.1937
Беляков,Альберт,Евгеньевич,89992616655,user262@mail.ru,267-214-845 84,06.03.1992
Тимофеева,Елена,Ивановна,89992618883,user263@mail.ru,267-686-842 47,01.06.1978
Сысоев,Георгий,Фёдорович,89992644824,user264@mail.ru,269-129-159 01,11.05.1986
Казакова,Александра,Сергеевна,89992653402,user265@mail.ru,269-422-143 84,21.09.1950
Тетерин,Геннадий,Ярославович,89992660916,user266@mail.ru,270-265-649 70,21.10.1983
Лыткина,Татьяна,Эдуардовна,89992683879,user267@mail.ru,271-963-063 91,11.05.1992
Веселов,Анатолий,Юрьевич,89992684445,user268@mail.ru,272-476-443 93,15.07.1958
Кабанова,Алёна,Григорьевна,89992705922,user269@mail.ru,272-905-765 99,07.03.1973
Ершов,Артём,Михайлович,89992743373,user270@mail.ru,273-873-076 08,13.02.1941
Крылова,Анжелика,Анатольевна,89992748514,user271@mail.ru,276-411-688 90,01.11.1953
Копылов,Сергей,Романович,89992759214,user272@mail.ru,277-012-120 42,22.07.1985
Федосеева,Любовь,Валентиновна,89992761482,user273@mail.ru,277-331-242 75,16.10.1962
Кулагин,Вадим,Александрович,89992765121,user274@mail.ru,277-879-363 64,26.08.1940
Кулакова,Кира,Матвеевна,89992795342,user275@mail.ru,279-304-766 08,24.08.1992
Борисов,Борис,Романович,89992798863,user276@mail.ru,280-068-251 60,30.10.1944
Семенова,Нина,Анатольевна,89992813409,user277@mail.ru,281-125-480 52,16.11.1964
Власов,Вадим,Валерьевич,89992815060,user278@mail.ru,281-760-259 85,07.06.1973
Калинина,Ксения,Макаровна,89992829095,user279@mail.ru,282-296-621 99,15.02.1957
Ершов,Эдуард,Антонович,89992830455,user280@mail.ru,283-940-469 08,20.12.1941
Котова,Таисия,Ильинична,89992856706,user281@mail.ru,283-999-199 66,10.08.1955
Петухов,Альберт,Вячеславович,89992861460,user282@mail.ru,285-704-625 00,28.11.1931
Ситникова,Александра,Васильевна,89992883034,user283@mail.ru,286-572-207 08,28.11.1931
Сергеев,Евгений,Алексеевич,89992883346,user284@mail.ru,287-422-021 77,03.04.1934
Рыбакова,Людмила,Степановна,89992898159,user285@mail.ru,287-756-645 51,19.08.1948
Пономарев,Альберт,Семёнович,89992945040,user286@mail.ru,288-326-522 09,03.06.2000
Кулакова,Светлана,Владимировна,89992947805,user287@mail.ru,288-713-432 15,11.04.1970
Меркушев,Эдуард,Анатольевич,89992951653,user288@mail.ru,289-673-782 65,09.12.1940
Федосеева,Вероника,Андреевна,89992964037,user289@mail.ru,290-446-247 78,05.05.1932
Мишин,Алексей,Григорьевич,89992972233,user290@mail.ru,290-960-928 11,02.12.1975
Фомина,Анжела,Владиславовна,89992992799,user291@mail.ru,291-065-736 79,22.04.1937
Назаров,Альберт,Макарович,89992994942,user292@mail.ru,291-997-483 53,08.06.1945
Турова
,Ирина,Игнатьевна,89993010551,user293@mail.ru,292-496-127 09,30.09.1957
Самсонов,Борис,Дмитриевич,89993019840,user294@mail.ru,293-748-804 31,07.06.1954
Смирнова,Дарья,Михайловна,89993023833,user295@mail.ru,294-934-551 27,23.09.1990
Фокин,Виталий,Игнатьевич,89993054407,user296@mail.ru,295-739-678 56,25.05.1982
Рожкова,Зоя,Лаврентьевна,89993067975,user297@mail.ru,297-401-551 92,13.08.1985
Туров,Станислав,Иванович,89993077611,user298@mail.ru,297-549-555 53,03.11.1972
Казакова,Анжела,Евгеньевна,89993084686,user299@mail.ru,298-862-343 50,25.06.1953
Петухов,Артём,Алексеевич,89993085455,user300@mail.ru,299-321-684 21,23.09.1952
Муравьева,Елена,Матвеевна,89993099429,user301@mail.ru,299-500-445 06,09.05.1931
Воронцов,Егор,Анатольевич,89993121044,user302@mail.ru,301-016-059 82,21.05.1961
Гурьева,Татьяна,Михайловна,89993131958,user303@mail.ru,301-045-528 00,04.10.1947
Шарапов,Константин,Никитич,89993132059,user304@mail.ru,301-451-084 06,26.06.1957
Гуляева,Вероника,Александровна,89993134913,user305@mail.ru,301-904-005 08,29.01.1936
Пестов,Михаил,Валерьевич,89993139923,user306@mail.ru,302-676-577 71,08.05.1946
Сорокина,Таисия,Константиновна,89993141996,user307@mail.ru,302-700-347 06,29.07.1979
Юдин,Антон,Олегович,89993159127,user308@mail.ru,303-805-410 29,02.07.1937
Никитина,Ирина,Ильинична,89993164137,user309@mail.ru,304-065-298 36,29.05.1927
Мартынов,Олег,Ярославович,89993167456,user310@mail.ru,304-192-548 44,15.10.1960
Рыбакова,Светлана,Юрьевна,89993167850,user311@mail.ru,305-271-880 52,14.04.1984
Романов,Иван,Романович,89993182925,user312@mail.ru,306-506-522 43,10.04.1996
Мухина,Алла,Алексеевна,89993185062,user313@mail.ru,306-996-988 41,03.02.1946
Федосеев,Николай,Вадимович,89993189337,user314@mail.ru,307-450-881 65,17.07.1975
Колобова,Александра,Дмитриевна,89993195596,user315@mail.ru,309-912-627 85,01.02.2003
Васильев,Игнатий,Романович,89993198973,user316@mail.ru,310-555-467 40,25.08.1928
Кузьмина,Алина,Матвеевна,89993200272,user317@mail.ru,311-485-015 32,22.07.1925
Молчанов,Виталий,Владимирович,89993227514,user318@mail.ru,311-590-583 50,29.09.1941
Полякова,Клавдия,Ярославовна,89993245867,user319@mail.ru,311-710-380 13,24.11.1986
Кудряшов,Илья,Максимович,89993261323,user320@mail.ru,314-605-117 30,19.10.1967
Шилова,Ирина,Анатольевна,89993263631,user321@mail.ru,317-066-473 66,11.02.1945
Гущин,Игнатий,Артёмович,89993265318,user322@mail.ru,317-388-665 07,15.03.1997
Костина,Светлана,Борисовна,89993268741,user323@mail.ru,318-728-008 82,26.03.1939
Муравьев,Альберт,Анатольевич,89993278983,user324@mail.ru,321-800-305 11,07.03.1992
Медведева,Клавдия,Сергеевна,89993283283,user325@mail.ru,322-092-260 27,24.08.2003
Шарапов,Борис,Аркадьевич,89993289249,user326@mail.ru,322-157-285 42,08.07.1972
Новикова,Оксана,Витальевна,89993303914,user327@mail.ru,322-318-788 56,26.03.1925
Лобанов,Макар,Лаврентьевич,89993336209,user328@mail.ru,324-607-416 54,02.12.1985
Смирнова,Анжела,Леонидовна,89993357510,user329@mail.ru,325-356-286 72,15.11.1948
Журавлев,Никита,Михайлович,89993360569,user330@mail.ru,327-816-262 88,01.02.1949
Кузнецова,Дарья,Николаевна,89993366364,user331@mail.ru,328-326-415 69,06.04.1989
Кириллов,Виталий,Даниилович,89993371740,user332@mail.ru,328-582-603 97,18.12.1974
Алексеева,Ксения,Валентиновна,89993379495,user333@mail.ru,328-627-431 91,13.06.2002
Шарапов,Юрий,Романович,89993402560,user334@mail.ru,330-877-062 75,31.03.1967
Вишнякова,Евгения,Ярославовна,89993413983,user335@mail.ru,331-743-528 58,17.07.1927
Королев,Роман,Никитич,89993418968,user336@mail.ru,333-431-573 46,14.07.1929
Морозова,Анжелика,Олеговна,89993430843,user337@mail.ru,334-138-712 56,22.06.1942
Громов,Иван,Леонидович,89993443448,user338@mail.ru,336-470-698 95,24.02.1956
Рожкова,Людмила,Вячеславовна,89993444812,user339@mail.ru,337-015-734 55,23.11.1943
Абрамов,Аркадий,Романович,89993452389,user340@mail.ru,337-016-957 72,19.07.1994
Стрелкова,Нина,Сергеевна,89993472042,user341@mail.ru,337-032-272 44,28.06.1929
Лобанов,Николай,Макарович,89993480676,user342@mail.ru,337-079-309 88,26.09.1982
Баранова,Ольга,Алексеевна,89993487605,user343@mail.ru,338-688-629 44,15.12.1967
Большаков,Виктор,Макарович,89993489756,user344@mail.ru,341-851-785 84,28.04.1987
Владимирова,Варвара,Вячеславовна,89993489995,user345@mail.ru,343-510-822 44,01.06.1945
Большаков,Леонид,Фёдорович,89993491919,user346@mail.ru,344-695-323 02,04.02.1928
Ефремова,Валентина,Геннадьевна,89993494158,user347@mail.ru,345-601-177 57,15.11.1952
Щукин,Денис,Арсеньевич,89993495895,user348@mail.ru,346-527-694 07,11.04.1968
Третьякова,Анфиса,Владиславовна,89993498390,user349@mail.ru,347-185-046 87,01.04.1972
Шилов,Геннадий,Максимович,89993505812,user350@mail.ru,347-481-684 12,02.10.1970
Орлова,Алевтина,Семёновна,89993506649,user351@mail.ru,347-620-885 98,07.12.1971
Харитонов,Владислав,Денисович,89993508786,user352@mail.ru,347-953-172 16,19.09.1999
Дементьева,Алевтина,Александровна,89993526053,user353@mail.ru,348-146-696 05,05.05.1948
Елисеев,Артём,Владимирович,89993531672,user354@mail.ru,348-166-727 05,09.03.1979
Голубева,Зинаида,Васильевна,89993535987,user355@mail.ru,349-277-986 44,01.04.1925
Ермаков,Валерий,Семёнович,89993565866,user356@mail.ru,349-891-962 58,02.08.1982
Морозова,Александра,Михайловна,89993575852,user357@mail.ru,351-674-939 01,02.02.1963
Владимиров,Юрий,Геннадьевич,89993581455,user358@mail.ru,351-857-823 04,21.05.1957
Бобылева,Анфиса,Денисовна,89993610697,user359@mail.ru,351-948-737 12,28.07.1948
Молчанов,Вадим,Макарович,89993616382,user360@mail.ru,354-784-499 30,14.05.1976
Боброва,Алина,Антоновна,89993631341,user361@mail.ru,359-050-858 96,17.12.2004
Андреев,Виктор,Николаевич,89993673058,user362@mail.ru,359-260-242 87,11.07.1952
Сафонова,Мария,Ильинична,89993676820,user363@mail.ru,360-605-181 50,19.04.1956
Кудряшов,Денис,Михайлович,89993691039,user364@mail.ru,360-623-120 39,15.11.1995
Родионова,Антонида,Станиславовна,89993692165,user365@mail.ru,361-090-834 60,23.08.1994
Капустин,Степан,Викторович,89993700856,user366@mail.ru,361-191-116 47,16.04.2000
Осипова,Татьяна,Валерьевна,89993709932,user367@mail.ru,361-803-235 58,23.05.1968
Кузьмин,Эдуард,Германович,89993710197,user368@mail.ru,362-018-877 70,24.11.1986
Исакова,Ульяна,Юрьевна,89993721918,user369@mail.ru,362-238-047 62,25.04.1944
Кузьмин,Никита,Макарович,89993731396,user370@mail.ru,364-515-409 78,10.09.1943
Воронова,Регина,Алексеевна,89993736441,user371@mail.ru,365-836-391 23,23.06.1963
Давыдов,Александр,Фёдорович,89993746967,user372@mail.ru,366-016-561 73,31.10.1950
Волкова,Антонида,Валентиновна,89993761231,user373@mail.ru,369-138-209 04,09.09.1938
Ефимов,Анатолий,Егорович,89993774595,user374@mail.ru,369-286-742 43,16.02.1970
Елисеева,Светлана,Аркадьевна,89993795444,user375@mail.ru,369-740-454 24,27.07.1997
Баранов,Виктор,Васильевич,89993803529,user376@mail.ru,369-775-769 75,23.03.2000
Архипова,Зоя,Данииловна,89993804795,user377@mail.ru,369-918-411 42,01.08.1995
Николаев,Антон,Вадимович,89993807096,user378@mail.ru,370-113-714 32,10.01.1984
Соболева,Анастасия,Станиславовна,89993808992,user379@mail.ru,370-626-835 87,23.11.2002
Устинов,Василий,Олегович,89993809371,user380@mail.ru,372-264-250 70,12.01.1927
Тихонова,Александра,Егоровна,89993812633,user381@mail.ru,373-794-291 30,29.06.1997
Кудряшов,Илья,Витальевич,89993854341,user382@mail.ru,374-925-495 28,18.03.1937
Галкина,Вера,Алексеевна,89993859542,user383@mail.ru,375-653-620 11,09.07.1938
Мухин,Лаврентий,Евгеньевич,89993863048,user384@mail.ru,376-355-916 21,13.04.1930
Селиверстова,Анфиса,Викторовна,89993867521,user385@mail.ru,377-713-794 32,24.11.1993
Соколов,Константин,Антонович,89993873876,user386@mail.ru,378-403-475 04,15.08.1996
Соболева,Елизавета,Григорьевна,89993875946,user387@mail.ru,381-466-583 08,02.09.1993
Авдеев,Виктор,Ярославович,89993883368,user388@mail.ru,381-552-237 79,23.06.1970
Шилова,Анфиса,Романовна,89993886925,user389@mail.ru,382-071-501 59,06.06.1943
Афанасьев,Андрей,Александрович,89993893534,user390@mail.ru,384-009-304 67,09.12.1957
Киселева,Светлана,Константиновна,89993903561,user391@mail.ru,384-587-035 26,18.03.1951
Туров,Аркадий,Анатольевич,89993906051,user392@mail.ru,384-713-610 97,01.01.1958
Фокина,Маргарита,Валентиновна,89993912858,user393@mail.ru,386-666-490 51,01.05.1959
Лаврентьев,Владимир,Степанович,89993924867,user394@mail.ru,389-072-457 24,26.06.1950
Одинцова,Александра,Эдуардовна,89993935699,user395@mail.ru,389-267-865 63,02.11.1986
Мартынов,Сергей,Егорович,89993943000,user396@mail.ru,389-339-238 41,21.03.1987
Родионова,Алёна,Михайловна,89993960502,user397@mail.ru,389-720-460 28,08.10.1987
Морозов,Артём,Антонович,89993997709,user398@mail.ru,390-570-641 90,10.03.1926
Макарова,Вера,Лаврентьевна,89994013823,user399@mail.ru,391-332-436 70,10.05.1990
Владимиров,Николай,Алексеевич,89994015733,user400@mail.ru,393-162-538 92,16.01.1927
Родионова,Алина,Сергеевна,89994026172,user401@mail.ru,393-361-894 16,15.05.1930
Поляков,Евгений,Фёдорович,89994027357,user402@mail.ru,393-510-811 81,05.05.1940
Лобанова,Алина,Фёдоровна,89994030292,user403@mail.ru,394-514-215 90,15.03.2000
Дорофеев,Евгений,Витальевич,89994035218,user404@mail.ru,396-878-186 79,27.06.1933
Назарова,Клавдия,Евгеньевна,89994044239,user405@mail.ru,397-497-919 81,15.06.1942
Молчанов,Антон,Васильевич,89994044642,user406@mail.ru,397-538-635 52,12.01.1959
Ковалева,Валентина,Григорьевна,89994064808,user407@mail.ru,397-596-298 77,11.01.1928
Лобанов,Олег,Станиславович,89994066493,user408@mail.ru,398-861-116 46,06.03.1994
Гришина,Светлана,Юрьевна,89994075008,user409@mail.ru,400-500-528 93,12.04.1961
Дементьев,Геннадий,Семёнович,89994089352,user410@mail.ru,401-369-667 63,22.07.1931
Панова,Зинаида,Ивановна,89994095941,user411@mail.ru,401-443-764 35,11.03.1999
Исаков,Егор,Никитич,89994105709,user412@mail.ru,401-457-997 71,02.07.1935
Зыкова,Марина,Андреевна,89994109375,user413@mail.ru,401-900-263 17,29.05.1998
Калашников,Егор,Ильич,89994115316,user414@mail.ru,404-359-151 56,07.04.1955
Лыткина,Валерия,Макаровна,89994116871,user415@mail.ru,405-406-451 41,10.03.1941
Орлов,Антон,Владимирович,89994127499,user416@mail.ru,406-060-329 29,08.06.1973
Данилова,Лидия,Геннадьевна,89994148524,user417@mail.ru,406-844-250 77,08.02.1928
Cмирнов,Вячеслав,Сергеевич,89994148889,user418@mail.ru,407-719-046 81,11.01.1929
Жукова,Марина,Романовна,89994154387,user419@mail.ru,408-908-503 95,26.07.2001
Фомичев,Дмитрий,Сергеевич,89994156692,user420@mail.ru,409-514-555 79,08.12.1995
Киселева,Дарья,Вячеславовна,89994157416,user421@mail.ru,409-850-801 96,21.03.1999
Лыткин,Ярослав,Вадимович,89994174521,user422@mail.ru,410-438-194 39,31.08.1979
Громова,Ирина,Борисовна,89994185271,user423@mail.ru,413-460-475 49,14.07.2001
Степанов,Никита,Семёнович,89994185569,user424@mail.ru,414-591-607 75,18.07.2004
Трофимова,Алина,Антоновна,89994208398,user425@mail.ru,416-659-847 20,27.05.1987
Романов,Эдуард,Геннадьевич,89994223504,user426@mail.ru,417-809-625 02,12.10.1930
Овчинникова,Анжела,Андреевна,89994246282,user427@mail.ru,418-832-840 01,29.07.1961
Громов,Фёдор,Андреевич,89994250830,user428@mail.ru,419-541-260 78,30.06.1925
Воронова,Таисия,Арсеньевна,89994253007,user429@mail.ru,419-665-988 42,24.05.1970
Евдокимов,Лука,Юрьевич,89994255983,user430@mail.ru,420-268-745 59,19.03.1937
Андреева,Варвара,Артёмовна,89994287640,user431@mail.ru,420-306-303 05,29.05.2005
Тимофеев,Вячеслав,Евгеньевич,89994290976,user432@mail.ru,420-373-893 61,13.02.1975
Беляева,Зинаида,Аркадьевна,89994295074,user433@mail.ru,421-102-023 80,05.03.1982
Колобов,Владислав,Романович,89994328254,user434@mail.ru,421-423-462 30,06.06.1969
Медведева,Арина,Альбертовна,89994333248,user435@mail.ru,423-006-885 41,09.07.1970
Рыбаков,Ярослав,Степанович,89994335828,user436@mail.ru,423-301-739 30,04.04.1946
Лихачева,Лариса,Максимовна,89994344044,user437@mail.ru,424-058-505 56,24.04.1935
Меркушев,Ярослав,Лаврентьевич,89994345612,user438@mail.ru,425-003-497 35,22.05.1941
Кононова,Вероника,Макаровна,89994357559,user439@mail.ru,426-236-997 96,13.05.1935
Игнатьев,Дмитрий,Дмитриевич,89994375298,user440@mail.ru,426-939-246 17,10.10.1935
Муравьева,Мария,Лаврентьевна,89994417465,user441@mail.ru,426-969-329 34,18.11.1925
Иванов,Егор,Григорьевич,89994419647,user442@mail.ru,427-485-076 03,16.01.1965
Тарасова,Арина,Витальевна,89994433035,user443@mail.ru,427-672-937 18,24.08.1978
Лукин,Вадим,Владиславович,89994448519,user444@mail.ru,428-232-594 79,27.01.1999
Константинова,Татьяна,Романовна,89994451825,user445@mail.ru,428-419-987 21,08.10.1969
Котов,Фёдор,Егорович,89994457872,user446@mail.ru,429-050-107 49,31.07.1931
Архипова,Регина,Александровна,89994466605,user447@mail.ru,429-470-197 00,16.11.1971
Филатов,Семён,Станиславович,89994483450,user448@mail.ru,429-695-839 53,21.11.1931
Логинова,Тамара,Владимировна,89994502937,user449@mail.ru,431-270-422 31,10.04.1943
Большаков,Лука,Евгеньевич,89994510151,user450@mail.ru,432-033-681 35,14.05.1950
Устинова,Ульяна,Юрьевна,89994510670,user451@mail.ru,433-117-755 55,22.05.1937
Алексеев,Сергей,Максимович,89994523512,user452@mail.ru,433-835-236 81,19.04.1978
Субботина,Вероника,Евгеньевна,89994524388,user453@mail.ru,433-956-158 03,14.12.2000
Никитин,Константин,Вячеславович,89994555984,user454@mail.ru,434-621-882 79,07.01.1943
Медведева,Мария,Сергеевна,89994558910,user455@mail.ru,435-075-373 75,28.08.1933
Артемьев,Геннадий,Арсеньевич,89994560272,user456@mail.ru,436-945-791 34,17.07.1945
Дроздова,Светлана,Игоревна,89994561531,user457@mail.ru,438-289-808 34,31.03.1952
Ситников,Аркадий,Михайлович,89994561947,user458@mail.ru,439-130-504 62,12.03.1975
Зуева,Кира,Антоновна,89994591211,user459@mail.ru,440-887-084 02,02.01.1966
Федотов,Семён,Константинович,89994594835,user460@mail.ru,442-189-893 07,15.03.1934
Третьякова,Регина,Георгиевна,89994595517,user461@mail.ru,443-705-293 77,01.06.1968
Большаков,Виталий,Андреевич,89994607335,user462@mail.ru,445-558-007 96,19.11.1930
Исаева,Людмила,Васильевна,89994615875,user463@mail.ru,446-321-399 77,19.02.1999
Дроздов,Олег,Борисович,89994618457,user464@mail.ru,448-267-252 10,29.05.1965
Никитина,Лидия,Никитична,89994618992,user465@mail.ru,448-327-989 30,15.02.1963
Русаков,Григорий,Романович,89994634056,user466@mail.ru,448-497-410 33,03.03.1992
Мартынова,Василиса,Олеговна,89994634075,user467@mail.ru,448-893-197 55,04.04.2001
Герасимов,Алексей,Вячеславович,89994645322,user468@mail.ru,449-517-433 13,14.03.1925
Елисеева,Регина,Станиславовна,89994645589,user469@mail.ru,449-529-444 29,03.08.1958
Авдеев,Денис,Матвеевич,89994657066,user470@mail.ru,450-367-579 89,24.03.1975
Исаева,Ксения,Алексеевна,89994657441,user471@mail.ru,451-055-457 56,24.12.1937
Маслов,Игнатий,Аркадьевич,89994659369,user472@mail.ru,453-762-450 98,07.10.1924
Ковалева,Таисия,Юрьевна,89994663854,user473@mail.ru,456-167-044 93,04.03.1975
Кириллов,Роман,Андреевич,89994667522,user474@mail.ru,456-987-588 77,09.09.1975
Некрасова,Наталья,Денисовна,89994668393,user475@mail.ru,457-037-333 85,29.11.1969
Кулаков,Илья,Станиславович,89994675768,user476@mail.ru,457-305-651 91,31.10.1947
Кошелева,Алина,Николаевна,89994676374,user477@mail.ru,458-426-728 21,21.10.1924
Калашников,Денис,Игнатьевич,89994683466,user478@mail.ru,458-557-079 36,09.05.1967
Лебедева,Мария,Германовна,89994689555,user479@mail.ru,459-763-280 43,19.09.1995
Романов,Валерий,Даниилович,89994695908,user480@mail.ru,459-911-229 19,08.09.1996
Соловьева,Ангелина,Олеговна,89994698154,user481@mail.ru,460-906-904 92,24.09.1983
Осипов,Евгений,Андреевич,89994698235,user482@mail.ru,461-260-662 64,04.02.1973
Цветкова,Василиса,Артёмовна,89994703089,user483@mail.ru,461-791-494 14,25.06.1990
Моисеев,Илья,Ярославович,89994711768,user484@mail.ru,462-796-747 43,26.03.1953
Лобанова,София,Алексеевна,89994712585,user485@mail.ru,463-548-834 19,16.04.1939
Носов,Борис,Аркадьевич,89994731400,user486@mail.ru,463-775-984 47,24.02.1933
Кулагина,Алёна,Викторовна,89994785054,user487@mail.ru,464-073-757 96,15.06.1955
Панфилов,Фёдор,Валерьевич,89994785484,user488@mail.ru,464-809-100 98,20.10.1990
Котова,Антонина,Евгеньевна,89994793420,user489@mail.ru,466-986-969 90,11.07.1949
Антонов,Егор,Владимирович,89994796475,user490@mail.ru,470-974-725 25,18.12.1992
Григорьева,Алевтина,Германовна,89994807810,user491@mail.ru,472-110-239 37,27.11.1978
Субботин,Арсений,Егорович,89994820294,user492@mail.ru,473-893-221 27,04.09.1961
Королева,Виктория,Леонидовна,89994820459,user493@mail.ru,474-228-576 07,26.01.1971
Костин,Сергей,Андреевич,89994826156,user494@mail.ru,475-180-406 90,21.04.1985
Гришина,Зинаида,Лаврентьевна,89994826731,user495@mail.ru,475-285-441 18,21.10.1939
Попов,Степан,Альбертович,89994834769,user496@mail.ru,477-196-781 52,07.03.1938
Меркушева,Тамара,Семёновна,89994861850,user497@mail.ru,477-892-355 64,27.09.1988
Максимов,Семён,Константинович,89994863130,user498@mail.ru,478-220-974 13,02.07.1934
Андреева,Кира,Александровна,89994868674,user499@mail.ru,479-376-998 83,28.03.1928
Филиппов,Григорий,Эдуардович,89994887804,user500@mail.ru,480-908-620 06,03.05.1977
Костина,Ольга,Вячеславовна,89994905428,user501@mail.ru,481-293-767 14,30.07.1960
Горбунов,Даниил,Лаврентьевич,89994934859,user502@mail.ru,481-654-734 13,19.05.1991
Калинина,Зинаида,Борисовна,89994944175,user503@mail.ru,481-896-380 47,27.01.1980
Александров,Лука,Андреевич,89994951820,user504@mail.ru,482-495-599 43,20.07.1994
Воронова,Лариса,Юрьевна,89994954508,user505@mail.ru,482-555-464 15,17.06.1947
Владимиров,Василий,Лукич,89994961195,user506@mail.ru,483-606-336 00,03.03.1959
Орлова,Алевтина,Андреевна,89994974253,user507@mail.ru,486-207-532 03,18.03.1930
Кононов,Макар,Станиславович,89994992878,user508@mail.ru,486-234-748 20,28.09.1980
Некрасова,Регина,Николаевна,89994995366,user509@mail.ru,488-040-543 00,25.09.1935
Ефремов,Владислав,Викторович,89995026980,user510@mail.ru,488-091-963 45,19.07.1930
Тимофеева,Валентина,Алексеевна,89995033779,user511@mail.ru,489-469-039 66,21.04.1999
Гущин,Михаил,Арсеньевич,89995051696,user512@mail.ru,489-858-447 93,13.01.1978
Лапина,Анна,Борисовна,89995076236,user513@mail.ru,490-221-737 67,22.12.1973
Петухов,Аркадий,Матвеевич,89995080799,user514@mail.ru,490-828-425 17,15.08.1963
Щукина,Раиса,Ярославовна,89995086448,user515@mail.ru,495-028-122 93,27.10.2002
Кулаков,Дмитрий,Валерьевич,89995088955,user516@mail.ru,495-192-077 21,26.04.2000
Филатова,Наталья,Фёдоровна,89995095495,user517@mail.ru,496-903-876 58,29.10.1940
Григорьев,Борис,Николаевич,89995114814,user518@mail.ru,498-976-838 12,31.10.1987
Маслова,Ульяна,Ильинична,89995120569,user519@mail.ru,499-113-725 22,10.05.1992
Николаев,Игорь,Евгеньевич,89995126215,user520@mail.ru,501-803-387 43,02.09.1972
Ершова,Тамара,Арсеньевна,89995148931,user521@mail.ru,502-735-043 46,14.12.1970
Поляков,Сергей,Олегович,89995158100,user522@mail.ru,504-498-032 81,26.01.1964
Воронцова,Ангелина,Олеговна,89995159788,user523@mail.ru,505-173-716 61,20.12.1945
Гущин,Константин,Романович,89995183443,user524@mail.ru,509-353-450 84,22.05.1993
Богданова,Валерия,Антоновна,89995186999,user525@mail.ru,511-288-316 60,17.03.2005
Рябов,Максим,Арсеньевич,89995215310,user526@mail.ru,513-874-426 94,16.09.1987
Наумова,Любовь,Евгеньевна,89995232149,user527@mail.ru,514-114-399 43,15.12.1931
Власов,Даниил,Васильевич,89995233902,user528@mail.ru,516-422-984 83,13.01.2000
Кононова,Анжела,Борисовна,89995260220,user529@mail.ru,517-135-749 80,01.10.1954
Красильников,Алексей,Леонидович,89995271951,user530@mail.ru,517-464-195 97,03.06.1934
Котова,Татьяна,Анатольевна,89995297030,user531@mail.ru,518-543-047 85,06.04.2000
Панов,Денис,Антонович,89995299024,user532@mail.ru,518-747-794 40,11.03.1997
Лобанова,Людмила,Арсеньевна,89995303668,user533@mail.ru,519-570-656 13,23.01.1991
Гуляев,Лаврентий,Даниилович,89995305048,user534@mail.ru,520-189-616 68,29.03.1945
Веселова,Алевтина,Семёновна,89995305263,user535@mail.ru,522-226-585 56,14.03.1965
Шестаков,Игорь,Борисович,89995305649,user536@mail.ru,522-608-684 80,11.05.1981
Щукина,Алина,Вячеславовна,89995308052,user537@mail.ru,522-633-752 70,09.05.1940
Марков,Вячеслав,Анатольевич,89995332554,user538@mail.ru,522-705-713 62,24.03.1991
Ильина,Светлана,Григорьевна,89995344134,user539@mail.ru,522-934-593 95,22.05.1950
Воронов,Макар,Юрьевич,89995347180,user540@mail.ru,527-653-384 10,05.07.1997
Суханова,Нина,Артёмовна,89995347256,user541@mail.ru,528-095-611 01,31.08.1938
Блинов,Виталий,Анатольевич,89995374924,user542@mail.ru,528-773-973 48,11.08.1962
Гришина,Елена,Витальевна,89995399862,user543@mail.ru,529-355-694 25,30.10.1951
Колесников,Виктор,Викторович,89995399938,user544@mail.ru,533-183-613 70,06.06.1992
Михайлова,Нина,Фёдоровна,89995400721,user545@mail.ru,533-820-498 85,24.05.1985
Петухов,Евгений,Степанович,89995408352,user546@mail.ru,534-390-500 74,24.04.1932
Евдокимова,Марина,Владиславовна,89995408435,user547@mail.ru,536-701-592 91,28.08.1929
Устинов,Олег,Фёдорович,89995431632,user548@mail.ru,537-762-713 22,11.10.1934
Миронова,Лариса,Лаврентьевна,89995432343,user549@mail.ru,538-000-523 46,02.05.1958
Наумов,Матвей,Никитич,89995432572,user550@mail.ru,538-616-890 30,05.11.1955
Фокина,Ольга,Матвеевна,89995449279,user551@mail.ru,539-021-138 62,27.01.1987
Гришин,Алексей,Аркадьевич,89995450016,user552@mail.ru,539-783-048 40,09.07.1968
Дементьева,Анфиса,Фёдоровна,89995456991,user553@mail.ru,541-006-305 21,12.02.1993
Хохлов,Владимир,Григорьевич,89995461542,user554@mail.ru,541-660-461 74,22.01.1983
Кабанова,Юлия,Егоровна,89995465553,user555@mail.ru,543-079-688 09,16.04.1970
Русаков,Егор,Аркадьевич,89995487511,user556@mail.ru,544-610-214 57,02.07.1933
Иванова,Жанна,Валентиновна,89995491829,user557@mail.ru,546-023-558 73,15.02.1978
Зиновьев,Антон,Георгиевич,89995497869,user558@mail.ru,546-134-151 69,20.07.1952
Брагина,Елена,Лаврентьевна,89995500299,user559@mail.ru,546-659-770 49,03.04.1967
Симонов,Вадим,Никитич,89995504950,user560@mail.ru,547-503-350 86,09.10.1941
Михайлова,Жанна,Владимировна,89995509463,user561@mail.ru,548-883-728 64,01.03.1980
Суханов,Евгений,Фёдорович,89995515265,user562@mail.ru,549-147-562 21,26.06.1990
Гришина,Наталья,Евгеньевна,89995515289,user563@mail.ru,549-448-772 51,16.06.1965
Андреев,Владимир,Ярославович,89995528534,user564@mail.ru,549-474-999 67,29.09.1958
Пахомова,Наталья,Леонидовна,89995543257,user565@mail.ru,549-704-101 00,27.09.1988
Белоусов,Григорий,Германович,89995549654,user566@mail.ru,550-000-982 29,05.04.1979
Боброва,Алевтина,Витальевна,89995551197,user567@mail.ru,550-273-512 62,02.07.1981
Муравьев,Вячеслав,Викторович,89995553252,user568@mail.ru,551-193-022 60,23.02.1963
Денисова,Нина,Семёновна,89995556502,user569@mail.ru,552-189-955 21,29.08.1932
Лукин,Виталий,Олегович,89995556540,user570@mail.ru,552-745-500 95,26.06.1956
Носкова,Василиса,Станиславовна,89995562793,user571@mail.ru,553-014-947 68,25.10.1994
Красильников,Максим,Григорьевич,89995581632,user572@mail.ru,554-602-595 94,02.10.1935
Некрасова,Нина,Максимовна,89995582661,user573@mail.ru,554-859-782 59,27.07.1930
Русаков,Сергей,Валентинович,89995598562,user574@mail.ru,556-857-586 63,20.04.1986
Калашникова,Жанна,Андреевна,89995599835,user575@mail.ru,562-561-953 09,16.04.1998
Медведев,Герман,Егорович,89995602641,user576@mail.ru,564-422-792 02,25.04.1957
Комарова,Алина,Владимировна,89995607725,user577@mail.ru,565-745-020 12,25.07.1962
Артемьев,Иван,Максимович,89995616688,user578@mail.ru,567-532-366 20,14.11.1979
Белова,Кира,Вячеславовна,89995636816,user579@mail.ru,568-055-438 18,26.03.1991
Стрелков,Егор,Романович,89995637622,user580@mail.ru,572-144-758 95,28.09.1957
Андреева,Ирина,Владиславовна,89995659744,user581@mail.ru,573-156-777 17,18.06.1976
Субботин,Аркадий,Егорович,89995682212,user582@mail.ru,573-992-368 56,29.08.1982
Фролова,Надежда,Владиславовна,89995694280,user583@mail.ru,575-540-957 28,06.07.1951
Медведев,Владимир,Васильевич,89995705030,user584@mail.ru,577-256-905 41,16.01.1937
Носкова,Анфиса,Денисовна,89995710371,user585@mail.ru,579-734-117 47,19.06.1972
Виноградов,Артём,Алексеевич,89995720257,user586@mail.ru,581-131-967 86,31.10.2003
Мясникова,Екатерина,Олеговна,89995730342,user587@mail.ru,582-155-405 90,29.08.1925
Панфилов,Фёдор,Игнатьевич,89995756141,user588@mail.ru,583-003-924 76,12.07.1956
Мухина,Василиса,Григорьевна,89995761007,user589@mail.ru,583-435-427 10,08.11.1932
Лаврентьев,Арсений,Игоревич,89995761728,user590@mail.ru,583-539-823 40,12.11.1951
Кулакова,Нина,Борисовна,89995765868,user591@mail.ru,585-275-992 56,26.02.1962
Власов,Семён,Георгиевич,89995802365,user592@mail.ru,586-164-813 30,04.08.1940
Кузнецова,Василиса,Юрьевна,89995818539,user593@mail.ru,587-136-739 37,03.05.2002
Зимин,Эдуард,Альбертович,89995827513,user594@mail.ru,589-179-705 73,14.11.1981
Мамонтова,Жанна,Михайловна,89995837315,user595@mail.ru,589-256-230 43,13.05.1928
Жуков,Михаил,Вячеславович,89995849223,user596@mail.ru,589-980-198 93,23.02.1994
Федосеева,Надежда,Лаврентьевна,89995866486,user597@mail.ru,591-435-060 94,05.06.1975
Зуев,Борис,Геннадьевич,89995872248,user598@mail.ru,592-391-393 26,25.06.1928
Самсонова,Анжела,Вячеславовна,89995906734,user599@mail.ru,593-586-415 49,09.05.1961
Вишняков,Никита,Ярославович,89995910721,user600@mail.ru,597-606-866 66,09.05.1979
Вишнякова,Ольга,Леонидовна,89995913206,user601@mail.ru,597-807-174 61,02.09.1993
Наумов,Василий,Эдуардович,89995920015,user602@mail.ru,599-696-681 17,18.11.1988
Крылова,Василиса,Станиславовна,89995930488,user603@mail.ru,599-968-204 03,05.12.1932
Громов,Степан,Романович,89995938123,user604@mail.ru,603-142-635 37,17.01.1944
Рыбакова,Ольга,Алексеевна,89995940686,user605@mail.ru,603-260-439 43,12.12.1940
Кузнецов,Олег,Антонович,89995966842,user606@mail.ru,605-039-471 66,02.09.1956
Кабанова,Антонина,Макаровна,89995967465,user607@mail.ru,605-131-293 40,12.07.1956
Андреев,Виталий,Игнатьевич,89995974523,user608@mail.ru,605-163-449 65,26.06.1941
Евдокимова,Анжела,Владиславовна,89995980256,user609@mail.ru,605-371-475 76,12.12.1979
Бобров,Никита,Ильич,89995981518,user610@mail.ru,605-608-039 71,09.07.1998
Маркова,Раиса,Станиславовна,89995999859,user611@mail.ru,606-738-701 05,15.04.1931
Куликов,Иван,Денисович,89996004483,user612@mail.ru,606-752-704 95,25.04.2003
Юдина,Ирина,Владиславовна,89996036444,user613@mail.ru,607-021-702 39,11.04.1983
Фадеев,Игнатий,Егорович,89996072724,user614@mail.ru,609-949-127 39,09.12.1938
Александрова,Василиса,Игоревна,89996074358,user615@mail.ru,610-082-417 30,23.12.1948
Орехов,Роман,Егорович,89996082817,user616@mail.ru,610-941-030 45,21.02.1996
Коновалова,Анжела,Максимовна,89996107636,user617@mail.ru,611-788-765 19,20.10.1963
Ермаков,Олег,Игнатьевич,89996117598,user618@mail.ru,612-351-162 39,28.12.1981
Молчанова,Виктория,Германовна,89996136823,user619@mail.ru,613-344-808 68,14.06.1987
Макаров,Вячеслав,Борисович,89996139055,user620@mail.ru,616-366-929 14,10.04.1970
Кузнецова,Маргарита,Антоновна,89996147789,user621@mail.ru,616-954-241 12,21.10.1980
Данилов,Фёдор,Сергеевич,89996149777,user622@mail.ru,618-835-098 25,05.11.1969
Федорова,Анжела,Витальевна,89996191090,user623@mail.ru,619-641-375 11,03.06.1955
Сидоров,Герман,Фёдорович,89996191375,user624@mail.ru,623-878-632 30,14.01.1997
Горбачева,Раиса,Геннадьевна,89996199666,user625@mail.ru,624-343-248 69,05.08.1996
Федосеев,Евгений,Игнатьевич,89996202943,user626@mail.ru,624-786-444 26,21.05.1929
Власова,Анна,Юрьевна,89996204787,user627@mail.ru,625-703-598 99,28.11.1993
Кондратьев,Артём,Константинович,89996233324,user628@mail.ru,626-440-356 80,28.10.1967
Смирнова,Людмила,Владиславовна,89996239222,user629@mail.ru,627-236-976 15,04.05.1940
Николаев,Денис,Игнатьевич,89996245245,user630@mail.ru,627-468-120 10,18.03.1953
Кудряшова,Оксана,Германовна,89996259475,user631@mail.ru,627-879-617 63,21.08.1952
Назаров,Сергей,Николаевич,89996262355,user632@mail.ru,628-329-165 08,14.06.1966
Быкова,Ирина,Ильинична,89996263636,user633@mail.ru,628-459-554 38,21.12.1965
Потапов,Эдуард,Антонович,89996272301,user634@mail.ru,629-567-012 23,28.10.1965
Иванова,Оксана,Викторовна,89996275754,user635@mail.ru,631-027-688 64,31.10.1967
Гаврилов,Макар,Альбертович,89996283793,user636@mail.ru,632-476-638 05,17.03.1978
Силина,Александра,Фёдоровна,89996312035,user637@mail.ru,634-247-608 91,21.07.1925
Белозеров,Станислав,Матвеевич,89996314074,user638@mail.ru,636-159-300 95,22.05.1998
Панфилова,Алёна,Дмитриевна,89996316805,user639@mail.ru,636-305-108 68,12.01.1982
Лихачев,Герман,Фёдорович,89996324745,user640@mail.ru,636-684-291 35,17.05.1954
Фомичева,Валентина,Михайловна,89996324829,user641@mail.ru,637-231-536 84,16.04.1973
Савин,Виталий,Викторович,89996332731,user642@mail.ru,639-696-801 69,15.02.1942
Архипова,Людмила,Анатольевна,89996339300,user643@mail.ru,641-994-785 48,25.02.1974
Крюков,Виталий,Николаевич,89996341510,user644@mail.ru,643-228-449 89,03.02.1955
Корнилова,Галина,Арсеньевна,89996349164,user645@mail.ru,644-419-973 21,21.10.1977
Горшков,Валерий,Лаврентьевич,89996361126,user646@mail.ru,646-095-996 42,03.10.1937
Дроздова,Анжела,Никитична,89996362984,user647@mail.ru,649-111-187 89,09.10.1987
Зиновьев,Игнатий,Игнатьевич,89996365935,user648@mail.ru,649-155-726 29,18.09.1986
Филатова,Елизавета,Германовна,89996385184,user649@mail.ru,649-493-515 50,21.06.1987
Орехов,Ярослав,Фёдорович,89996390031,user650@mail.ru,650-067-610 71,09.02.1974
Соколова,Валентина,Константиновна,89996413766,user651@mail.ru,652-737-121 00,11.08.1934
Яковлев,Никита,Геннадьевич,89996414788,user652@mail.ru,653-928-918 46,04.07.1970
Крюкова,Алёна,Дмитриевна,89996419798,user653@mail.ru,654-745-718 33,18.10.2004
Игнатьев,Станислав,Альбертович,89996427636,user654@mail.ru,654-979-566 78,10.05.1982
Воронцова,Евгения,Германовна,89996434843,user655@mail.ru,655-467-854 47,17.11.1992
Панфилов,Лука,Константинович,89996443181,user656@mail.ru,655-738-554 45,02.06.1995
Беспалова,Варвара,Валерьевна,89996448154,user657@mail.ru,659-065-059 24,16.07.1996
Сергеев,Борис,Георгиевич,89996463375,user658@mail.ru,659-235-038 16,10.03.1997
Нестерова,Ульяна,Данииловна,89996486533,user659@mail.ru,659-415-103 10,25.04.1963
Игнатов,Никита,Владимирович,89996501204,user660@mail.ru,660-027-707 67,10.02.1998
Силина,Клавдия,Степановна,89996502191,user661@mail.ru,660-260-400 55,02.04.1948
Григорьев,Эдуард,Георгиевич,89996509122,user662@mail.ru,660-388-914 23,14.06.1991
Веселова,Зоя,Эдуардовна,89996522808,user663@mail.ru,660-720-962 94,17.05.1994
Абрамов,Степан,Васильевич,89996541567,user664@mail.ru,661-154-205 66,01.08.1985
Захарова,Жанна,Сергеевна,89996575966,user665@mail.ru,666-106-648 06,18.05.1945
Гордеев,Даниил,Олегович,89996586110,user666@mail.ru,667-286-098 51,12.12.1975
Красильникова,Оксана,Сергеевна,89996588417,user667@mail.ru,667-426-967 53,02.07.1963
Ширяев,Вячеслав,Витальевич,89996589630,user668@mail.ru,667-983-681 90,03.06.1959
Колобова,Анастасия,Валерьевна,89996593958,user669@mail.ru,668-035-837 28,06.07.1972
Харитонов,Семён,Евгеньевич,89996606175,user670@mail.ru,668-069-366 49,30.10.1972
Соловьева,Александра,Егоровна,89996607883,user671@mail.ru,668-748-255 71,14.08.1960
Муравьев,Сергей,Анатольевич,89996611795,user672@mail.ru,669-908-049 66,23.08.1995
Бобылева,Евгения,Игоревна,89996622094,user673@mail.ru,670-388-565 30,02.07.1939
Казаков,Михаил,Сергеевич,89996642502,user674@mail.ru,670-422-787 95,26.03.1931
Ширяева,Светлана,Борисовна,89996650047,user675@mail.ru,672-058-331 96,21.03.2002
Доронин,Константин,Викторович,89996650561,user676@mail.ru,672-144-116 76,03.12.1984
Калинина,Нина,Владиславовна,89996659182,user677@mail.ru,673-373-112 01,29.11.1980
Евдокимов,Леонид,Лукич,89996702182,user678@mail.ru,674-242-089 01,27.09.1957
Гришина,Светлана,Георгиевна,89996730698,user679@mail.ru,674-756-933 63,21.08.1927
Кондратьев,Егор,Ярославович,89996739351,user680@mail.ru,675-224-584 16,25.10.1955
Зиновьева,Елизавета,Степановна,89996742991,user681@mail.ru,675-380-002 03,16.11.1986
Большаков,Борис,Николаевич,89996746396,user682@mail.ru,675-382-540 32,21.11.1952
Куликова,Александра,Данииловна,89996775569,user683@mail.ru,675-706-766 48,15.03.1945
Дроздов,Леонид,Семёнович,89996776628,user684@mail.ru,676-606-517 34,11.06.1965
Петухова,Юлия,Валентиновна,89996781812,user685@mail.ru,679-531-735 52,13.02.1999
Силин,Герман,Олегович,89996783942,user686@mail.ru,680-597-477 52,20.08.1932
Тихонова,Вероника,Григорьевна,89996791686,user687@mail.ru,681-076-040 91,20.12.1967
Абрамов,Артём,Фёдорович,89996810933,user688@mail.ru,682-404-577 06,26.07.1979
Моисеева,Арина,Константиновна,89996812381,user689@mail.ru,684-897-551 91,05.06.1966
Гурьев,Максим,Лукич,89996813073,user690@mail.ru,685-041-574 08,05.07.1954
Зайцева,Елена,Альбертовна,89996832081,user691@mail.ru,685-788-048 81,31.12.1973
Сидоров,Альберт,Леонидович,89996834245,user692@mail.ru,686-054-249 22,06.10.1939
Беляева,Анжелика,Валентиновна,89996835240,user693@mail.ru,686-422-604 22,17.02.1993
Воробьев,Аркадий,Михайлович,89996841861,user694@mail.ru,686-472-976 72,12.08.1936
Воробьева,Зоя,Алексеевна,89996848552,user695@mail.ru,686-851-667 72,08.01.1978
Харитонов,Даниил,Иванович,89996855420,user696@mail.ru,689-391-438 72,21.06.1996
Дьячкова,Галина,Игоревна,89996866730,user697@mail.ru,689-455-368 77,15.09.1990
Исаев,Владимир,Васильевич,89996871311,user698@mail.ru,689-826-581 93,17.08.1965
Данилова,София,Арсеньевна,89996871778,user699@mail.ru,691-390-899 45,21.12.1973
Филиппов,Лука,Лукич,89996874915,user700@mail.ru,693-187-538 48,01.12.1954
Прохорова,Зоя,Николаевна,89996875068,user701@mail.ru,693-991-021 53,28.03.1934
Горшков,Константин,Арсеньевич,89996877537,user702@mail.ru,695-656-244 62,20.05.1942
Анисимова,Зоя,Денисовна,89996898270,user703@mail.ru,696-708-858 82,26.06.1972
Ершов,Олег,Лаврентьевич,89996923247,user704@mail.ru,697-633-145 52,22.10.1980
Зыкова,Вера,Романовна,89996932629,user705@mail.ru,698-322-004 20,17.04.1989
Исаев,Эдуард,Владимирович,89996942510,user706@mail.ru,698-949-963 31,31.08.1979
Герасимова,Арина,Николаевна,89996954644,user707@mail.ru,699-012-942 37,04.01.1952
Владимиров,Олег,Андреевич,89996996599,user708@mail.ru,702-190-954 68,16.08.1952
Давыдова,Любовь,Эдуардовна,89997004753,user709@mail.ru,704-400-107 24,03.09.1961
Русаков,Артём,Валерьевич,89997014344,user710@mail.ru,704-784-103 94,15.03.1983
Харитонова,Арина,Георгиевна,89997039661,user711@mail.ru,704-961-459 08,28.03.1962
Крюков,Илья,Дмитриевич,89997041394,user712@mail.ru,704-980-454 09,17.07.1947
Ермакова,Анна,Ярославовна,89997059373,user713@mail.ru,705-555-312 85,13.01.1957
Савельев,Владислав,Степанович,89997075888,user714@mail.ru,705-938-890 39,25.06.1930
Медведева,Анфиса,Эдуардовна,89997076868,user715@mail.ru,706-728-989 39,01.02.1974
Третьяков,Даниил,Игнатьевич,89997077803,user716@mail.ru,709-449-282 28,27.09.1955
Киселева,Нина,Станиславовна,89997090466,user717@mail.ru,710-303-759 40,18.02.1927
Федоров,Илья,Егорович,89997102236,user718@mail.ru,710-370-360 44,11.09.1949
Романова,Людмила,Вячеславовна,89997102453,user719@mail.ru,710-599-022 87,19.11.2001
Кошелев,Альберт,Денисович,89997103333,user720@mail.ru,711-243-057 38,11.07.1976
Брагина,Александра,Владимировна,89997113827,user721@mail.ru,711-714-918 77,21.02.1954
Гуляев,Иван,Семёнович,89997131619,user722@mail.ru,712-089-864 00,09.11.1987
Лихачева,Оксана,Романовна,89997142837,user723@mail.ru,713-342-120 44,25.09.1974
Тихонов,Денис,Георгиевич,89997162485,user724@mail.ru,713-772-683 12,14.08.1935
Матвеева,Нина,Ильинична,89997163724,user725@mail.ru,714-485-906 14,04.12.1961
Крюков,Илья,Даниилович,89997167481,user726@mail.ru,715-348-187 00,18.02.1987
Чернова,Зинаида,Владиславовна,89997175229,user727@mail.ru,716-861-813 22,11.09.1978
Лобанов,Макар,Валентинович,89997184105,user728@mail.ru,717-249-642 14,19.06.1987
Лихачева,Лидия,Владимировна,89997198117,user729@mail.ru,720-683-408 86,09.03.1996
Афанасьев,Семён,Степанович,89997217455,user730@mail.ru,721-452-100 45,05.04.1929
Игнатова,Алевтина,Григорьевна,89997224795,user731@mail.ru,721-588-866 28,04.01.1970
Устинов,Артём,Семёнович,89997225299,user732@mail.ru,722-013-601 28,07.02.1962
Исаева,Любовь,Леонидовна,89997232650,user733@mail.ru,723-699-423 34,22.04.1931
Большаков,Семён,Андреевич,89997236955,user734@mail.ru,724-021-566 53,26.05.1934
Комарова,Валентина,Романовна,89997251035,user735@mail.ru,725-604-375 93,14.11.1941
Артемьев,Андрей,Валерьевич,89997253132,user736@mail.ru,725-821-671 07,30.03.1971
Казакова,Клавдия,Борисовна,89997261546,user737@mail.ru,725-961-155 18,18.09.1968
Давыдов,Виктор,Анатольевич,89997272226,user738@mail.ru,726-316-304 80,13.05.1965
Сысоева,Анна,Альбертовна,89997303844,user739@mail.ru,729-044-875 19,25.11.1993
Никитин,Алексей,Ильич,89997304172,user740@mail.ru,729-581-172 33,07.07.1937
Ильина,Оксана,Алексеевна,89997317067,user741@mail.ru,730-474-880 00,24.04.2001
Бирюков,Максим,Максимович,89997317429,user742@mail.ru,732-552-199 93,04.09.2004
Пестова,Клавдия,Макаровна,89997322485,user743@mail.ru,732-700-803 69,15.03.1989
Рожков,Иван,Валерьевич,89997327654,user744@mail.ru,736-524-873 24,26.01.1957
Прохорова,Елена,Вадимовна,89997328911,user745@mail.ru,736-535-928 31,19.12.1942
Шарапов,Михаил,Константинович,89997334754,user746@mail.ru,737-219-333 05,18.02.1986
Громова,Алла,Юрьевна,89997348668,user747@mail.ru,737-616-253 18,09.06.1947
Фокин,Вадим,Альбертович,89997356615,user748@mail.ru,738-902-652 33,25.06.1995
Лукина,Галина,Эдуардовна,89997362155,user749@mail.ru,739-777-837 90,29.06.2001
Казаков,Иван,Алексеевич,89997370914,user750@mail.ru,739-892-834 83,12.12.1976
Лаврентьева,Вероника,Антоновна,89997373603,user751@mail.ru,741-942-344 03,29.06.2004
Меркушев,Игнатий,Артёмович,89997386513,user752@mail.ru,742-521-733 82,13.08.1930
Николаева,Римма,Витальевна,89997393134,user753@mail.ru,742-707-545 05,13.02.1929
Потапов,Анатолий,Сергеевич,89997401278,user754@mail.ru,743-074-838 03,30.05.1965
Ширяева,Регина,Артёмовна,89997414380,user755@mail.ru,743-879-932 68,24.04.1996
Игнатов,Евгений,Эдуардович,89997418793,user756@mail.ru,744-067-797 25,01.05.1972
Дементьева,Ксения,Викторовна,89997441443,user757@mail.ru,745-649-816 52,11.04.1927
Киселев,Денис,Семёнович,89997445735,user758@mail.ru,745-912-840 27,27.01.2005
Богданова,Лариса,Валерьевна,89997447389,user759@mail.ru,745-997-488 91,29.09.1989
Меркушев,Борис,Викторович,89997472779,user760@mail.ru,746-248-381 25,30.07.1973
Сидорова,Тамара,Ярославовна,89997488643,user761@mail.ru,750-559-373 18,31.10.1973
Захаров,Михаил,Олегович,89997495112,user762@mail.ru,750-610-640 69,29.11.1991
Рябова,Дарья,Аркадьевна,89997505014,user763@mail.ru,752-852-176 19,09.03.1957
Лебедев,Арсений,Станиславович,89997510487,user764@mail.ru,755-632-372 20,24.08.1952
Игнатьева,Лариса,Максимовна,89997512861,user765@mail.ru,756-247-702 26,02.12.1944
Шаров,Илья,Романович,89997583634,user766@mail.ru,756-597-318 65,26.08.1955
Зимина,Любовь,Григорьевна,89997596551,user767@mail.ru,756-630-126 07,30.05.2004
Иванов,Борис,Альбертович,89997601698,user768@mail.ru,756-792-359 66,09.08.1980
Лобанова,Алевтина,Вячеславовна,89997606348,user769@mail.ru,758-241-243 10,08.06.1983
Фролов,Никита,Юрьевич,89997622945,user770@mail.ru,759-482-979 86,19.02.1982
Чернова,Мария,Витальевна,89997628161,user771@mail.ru,759-830-660 57,02.07.1958
Исаев,Роман,Арсеньевич,89997644292,user772@mail.ru,760-536-864 18,08.03.1950
Кошелева,Марина,Григорьевна,89997646279,user773@mail.ru,760-625-439 02,04.01.1963
Лазарев,Юрий,Макарович,89997651139,user774@mail.ru,762-271-338 98,02.07.1988
Тарасова,Зинаида,Фёдоровна,89997661596,user775@mail.ru,763-414-254 96,17.04.1926
Лаврентьев,Арсений,Ильич,89997667092,user776@mail.ru,764-368-585 53,14.01.1999
Большакова,Алёна,Витальевна,89997671058,user777@mail.ru,764-799-495 95,04.06.1950
Силин,Даниил,Денисович,89997693580,user778@mail.ru,769-064-528 45,10.11.1988
Горбачева,Жанна,Анатольевна,89997712679,user779@mail.ru,769-916-667 92,07.06.1946
Капустин,Дмитрий,Юрьевич,89997720094,user780@mail.ru,770-582-891 38,26.09.1943
Кулакова,Дарья,Никитична,89997728127,user781@mail.ru,773-650-869 44,20.05.1956
Евдокимов,Иван,Никитич,89997738797,user782@mail.ru,774-329-562 38,24.12.1976
Кузьмина,Юлия,Ивановна,89997739345,user783@mail.ru,775-556-165 51,10.06.1976
Дементьев,Егор,Никитич,89997739952,user784@mail.ru,776-859-992 14,11.03.1972
Сергеева,Зоя,Игоревна,89997746377,user785@mail.ru,776-860-122 46,28.04.1989
Сафонов,Артём,Никитич,89997749776,user786@mail.ru,778-101-431 02,13.05.1953
Соколова,Василиса,Степановна,89997753911,user787@mail.ru,778-155-218 40,02.07.1989
Карпов,Никита,Никитич,89997758711,user788@mail.ru,778-858-823 08,24.10.1990
Рожкова,Анжелика,Ивановна,89997771076,user789@mail.ru,779-680-843 91,20.06.1997
Шубин,Ярослав,Сергеевич,89997771494,user790@mail.ru,780-138-515 00,04.12.1969
Михеева,Светлана,Артёмовна,89997780039,user791@mail.ru,781-448-055 23,16.01.1961
Красильников,Игорь,Геннадьевич,89997789576,user792@mail.ru,782-278-074 36,09.10.1946
Матвеева,Анжела,Романовна,89997799698,user793@mail.ru,782-758-630 62,18.08.1929
Кабанов,Станислав,Семёнович,89997802250,user794@mail.ru,784-482-696 67,29.03.1977
Боброва,Клавдия,Валентиновна,89997810539,user795@mail.ru,784-818-184 61,21.07.1950
Корнилов,Григорий,Егорович,89997831847,user796@mail.ru,785-551-490 49,26.10.1942
Владимирова,Маргарита,Валентиновна,89997838191,user797@mail.ru,786-337-973 72,22.01.1925
Ефимов,Владимир,Семёнович,89997845429,user798@mail.ru,787-224-617 39,02.08.1996
Носова,Наталья,Аркадьевна,89997859196,user799@mail.ru,787-332-279 44,21.12.1987
Денисов,Герман,Анатольевич,89997869551,user800@mail.ru,787-928-766 08,26.01.2001
Шестакова,Лидия,Данииловна,89997878511,user801@mail.ru,788-662-578 92,26.07.1942
Орехов,Арсений,Денисович,89997903221,user802@mail.ru,789-246-551 70,03.03.1939
Воронова,Ангелина,Алексеевна,89997905878,user803@mail.ru,791-230-733 98,19.06.1993
Матвеев,Альберт,Юрьевич,89997927310,user804@mail.ru,792-023-247 91,08.05.1980
Савина,Лидия,Фёдоровна,89997937480,user805@mail.ru,792-063-584 24,03.03.1972
Фролов,Иван,Дмитриевич,89997940212,user806@mail.ru,792-892-218 64,04.05.1926
Игнатьева,Регина,Денисовна,89997940347,user807@mail.ru,793-053-867 34,28.04.1959
Соловьев,Матвей,Эдуардович,89997952284,user808@mail.ru,793-064-246 20,21.06.1936
Кудряшова,Арина,Эдуардовна,89997968533,user809@mail.ru,793-576-852 79,10.12.1965
Бобылев,Григорий,Викторович,89998017172,user810@mail.ru,793-634-625 48,13.01.1992
Агафонова,Елена,Леонидовна,89998031121,user811@mail.ru,796-712-537 58,07.09.1993
Капустин,Евгений,Юрьевич,89998034390,user812@mail.ru,797-973-718 13,29.03.1931
Ефимова,Римма,Антоновна,89998035885,user813@mail.ru,798-580-825 92,13.06.1944
Якушев,Никита,Вадимович,89998045594,user814@mail.ru,799-778-363 28,10.03.1927
Егорова,Марина,Юрьевна,89998047208,user815@mail.ru,800-694-208 82,23.05.1970
Титов,Артём,Ильич,89998089741,user816@mail.ru,801-191-699 78,23.11.1941
Исакова,Ульяна,Валерьевна,89998093244,user817@mail.ru,801-383-134 61,27.07.2001
Овчинников,Ярослав,Дмитриевич,89998096878,user818@mail.ru,805-236-007 64,21.02.1933
Воронцова,Виктория,Фёдоровна,89998105315,user819@mail.ru,806-166-324 90,04.01.1958
Терентьев,Игнатий,Алексеевич,89998113173,user820@mail.ru,806-230-077 61,26.11.2001
Трофимова,Анастасия,Лаврентьевна,89998121811,user821@mail.ru,806-303-822 73,07.11.1955
Павлов,Егор,Арсеньевич,89998126362,user822@mail.ru,809-029-475 10,26.11.1957
Якушева,Мария,Васильевна,89998135256,user823@mail.ru,809-310-256 79,27.06.1928
Евдокимов,Фёдор,Георгиевич,89998143249,user824@mail.ru,809-668-977 79,20.12.1969
Никифорова,Евгения,Станиславовна,89998171720,user825@mail.ru,809-903-004 03,19.07.1994
Филатов,Вячеслав,Витальевич,89998179891,user826@mail.ru,812-311-121 28,22.01.1943
Кириллова,Анжелика,Арсеньевна,89998192485,user827@mail.ru,813-111-500 30,09.03.1959
Симонов,Алексей,Иванович,89998223934,user828@mail.ru,814-985-926 57,15.03.1929
Филиппова,Надежда,Алексеевна,89998227481,user829@mail.ru,815-045-584 89,13.11.1958
Шубин,Аркадий,Егорович,89998239507,user830@mail.ru,816-471-996 34,19.05.1937
Пахомова,Маргарита,Ильинична,89998242740,user831@mail.ru,816-739-426 35,03.04.1951
Шестаков,Григорий,Геннадьевич,89998259178,user832@mail.ru,817-540-043 89,10.05.1996
Суханова,Арина,Ивановна,89998265058,user833@mail.ru,818-316-203 91,13.01.1940
Петров,Борис,Юрьевич,89998288228,user834@mail.ru,818-845-038 36,23.01.1925
Белозерова,Ксения,Станиславовна,89998326860,user835@mail.ru,820-833-966 06,12.07.1996
Максимов,Роман,Егорович,89998331714,user836@mail.ru,821-321-890 68,30.09.1994
Медведева,Александра,Германовна,89998334416,user837@mail.ru,821-417-701 73,09.01.1986
Ситников,Игнатий,Степанович,89998336753,user838@mail.ru,821-675-917 20,15.01.1934
Кулагина,Наталья,Михайловна,89998364048,user839@mail.ru,822-387-528 13,18.03.1934
Одинцов,Анатолий,Семёнович,89998369066,user840@mail.ru,823-373-657 07,01.07.1940
Аксенова,Мария,Леонидовна,89998383849,user841@mail.ru,824-343-036 77,31.07.1965
Осипов,Евгений,Владиславович,89998418201,user842@mail.ru,825-218-885 15,04.07.1995
Романова,Жанна,Дмитриевна,89998431084,user843@mail.ru,829-796-410 74,15.09.1924
Кабанов,Игорь,Леонидович,89998442929,user844@mail.ru,830-662-017 78,08.10.1995
Уварова,Елена,Макаровна,89998452982,user845@mail.ru,834-192-098 07,08.08.1939
Ильин,Арсений,Георгиевич,89998458324,user846@mail.ru,835-502-422 86,22.02.1994
Костина,Татьяна,Германовна,89998477146,user847@mail.ru,838-952-042 47,11.04.1998
Давыдов,Арсений,Георгиевич,89998480949,user848@mail.ru,838-991-227 70,06.03.1991
Шубина,Ольга,Ильинична,89998487454,user849@mail.ru,839-123-704 10,11.11.1987
Вишняков,Эдуард,Николаевич,89998494043,user850@mail.ru,839-318-252 30,20.05.1957
Семенова,Любовь,Матвеевна,89998509241,user851@mail.ru,839-321-612 11,15.02.1995
Зуев,Егор,Витальевич,89998510344,user852@mail.ru,842-078-984 30,03.11.1948
Киселева,Алла,Ильинична,89998513942,user853@mail.ru,842-152-149 76,11.10.1933
Савин,Макар,Дмитриевич,89998518024,user854@mail.ru,842-961-453 29,28.02.1927
Быкова,Марина,Витальевна,89998518071,user855@mail.ru,847-630-572 33,14.08.1954
Максимов,Семён,Артёмович,89998533798,user856@mail.ru,851-224-498 94,07.12.1958
Лазарева,Ирина,Евгеньевна,89998547914,user857@mail.ru,853-974-310 47,16.07.1929
Сергеев,Сергей,Олегович,89998552439,user858@mail.ru,858-289-372 79,10.02.1992
Одинцова,Вероника,Олеговна,89998555017,user859@mail.ru,859-238-517 56,26.03.1953
Афанасьев,Валентин,Денисович,89998569224,user860@mail.ru,859-590-064 64,18.07.1964
Большакова,Алевтина,Макаровна,89998578026,user861@mail.ru,862-247-245 11,04.11.1946
Давыдов,Валерий,Вячеславович,89998598916,user862@mail.ru,862-705-747 30,06.10.1940
Гордеева,Анжела,Станиславовна,89998633049,user863@mail.ru,864-143-109 97,23.12.1990
Коновалов,Никита,Макарович,89998639437,user864@mail.ru,864-739-711 63,04.08.1953
Емельянова,Римма,Лаврентьевна,89998643413,user865@mail.ru,865-333-294 26,30.09.1991
Лукин,Денис,Евгеньевич,89998645639,user866@mail.ru,865-925-379 69,10.12.1937
Трофимова,Зинаида,Андреевна,89998676872,user867@mail.ru,866-133-036 05,14.11.1981
Орехов,Антон,Степанович,89998685743,user868@mail.ru,869-110-076 12,01.09.1989
Сергеева,Ангелина,Игоревна,89998695433,user869@mail.ru,871-064-156 99,07.03.1967
Горбачев,Денис,Григорьевич,89998704625,user870@mail.ru,872-284-562 37,22.06.1982
Стрелкова,Валентина,Леонидовна,89998705222,user871@mail.ru,873-199-220 44,20.10.1935
Шубин,Артём,Григорьевич,89998706792,user872@mail.ru,873-812-401 21,17.07.1935
Архипова,Ангелина,Антоновна,89998708786,user873@mail.ru,875-145-925 43,22.09.1995
Кононов,Борис,Сергеевич,89998714089,user874@mail.ru,875-745-357 69,09.06.1950
Михайлова,Надежда,Борисовна,89998716815,user875@mail.ru,875-983-663 00,14.01.1997
Устинов,Михаил,Юрьевич,89998725600,user876@mail.ru,878-116-382 44,17.07.1927
Якушева,Раиса,Альбертовна,89998738736,user877@mail.ru,878-703-292 62,08.06.1994
Шашков,Георгий,Фёдорович,89998740254,user878@mail.ru,879-086-747 89,20.04.1948
Никонова,Таисия,Николаевна,89998741574,user879@mail.ru,879-977-101 09,16.02.1956
Журавлев,Степан,Константинович,89998742123,user880@mail.ru,883-060-052 98,23.06.1982
Яковлева,Алла,Фёдоровна,89998754068,user881@mail.ru,884-268-159 58,04.03.1972
Киселев,Юрий,Матвеевич,89998755975,user882@mail.ru,885-438-848 80,27.09.1948
Кулагина,Варвара,Игоревна,89998760305,user883@mail.ru,887-167-011 50,15.03.1940
Жданов,Леонид,Станиславович,89998768488,user884@mail.ru,891-105-204 86,01.06.1970
Шашкова,Алевтина,Данииловна,89998778436,user885@mail.ru,891-753-792 69,13.11.1975
Терентьев,Николай,Игоревич,89998778900,user886@mail.ru,892-863-923 80,16.01.1957
Маслова,Лидия,Николаевна,89998783493,user887@mail.ru,893-941-598 82,15.02.2002
Александров,Владислав,Игнатьевич,89998787282,user888@mail.ru,894-326-892 66,03.06.1965
Кузьмина,Маргарита,Васильевна,89998807435,user889@mail.ru,894-820-611 49,06.05.1979
Терентьев,Владимир,Германович,89998825582,user890@mail.ru,895-793-496 11,26.07.1936
Дементьева,Светлана,Сергеевна,89998826140,user891@mail.ru,896-808-486 98,28.10.1969
Шарапов,Михаил,Евгеньевич,89998828233,user892@mail.ru,897-379-048 96,06.01.1931
Белякова,Галина,Александровна,89998858393,user893@mail.ru,897-856-320 00,13.07.1934
Ларионов,Михаил,Иванович,89998858856,user894@mail.ru,899-247-006 71,17.02.1936
Шилова,Виктория,Григорьевна,89998862987,user895@mail.ru,899-278-628 13,04.12.1950
Логинов,Эдуард,Вячеславович,89998894201,user896@mail.ru,899-330-246 58,23.09.1976
Михеева,Ангелина,Станиславовна,89998900889,user897@mail.ru,899-360-104 60,30.04.1976
Лапин,Вадим,Лукич,89998911120,user898@mail.ru,899-731-499 04,11.01.2002
Фомичева,Анжела,Эдуардовна,89998948265,user899@mail.ru,901-131-217 27,16.04.1982
Зыков,Юрий,Лаврентьевич,89998949573,user900@mail.ru,901-240-337 41,08.12.1990
Соловьева,Людмила,Максимовна,89998950957,user901@mail.ru,905-446-271 03,26.05.1965
Афанасьев,Антон,Даниилович,89998967147,user902@mail.ru,906-174-043 90,05.01.1991
Горшкова,Оксана,Данииловна,89998971603,user903@mail.ru,906-934-442 28,21.09.1959
Иванов,Лаврентий,Антонович,89998972147,user904@mail.ru,908-370-708 17,16.02.1940
Ковалева,Кира,Данииловна,89998978493,user905@mail.ru,909-579-317 61,14.07.1931
Шубин,Степан,Никитич,89998997876,user906@mail.ru,910-617-377 87,16.04.1953
Быкова,Маргарита,Викторовна,89999026323,user907@mail.ru,910-841-691 97,23.10.1933
Шубин,Леонид,Лукич,89999026488,user908@mail.ru,911-257-328 81,03.09.1997
Моисеева,Дарья,Леонидовна,89999033464,user909@mail.ru,911-663-981 16,31.03.1992
Моисеев,Григорий,Андреевич,89999034430,user910@mail.ru,911-704-364 78,03.04.1984
Дмитриева,Таисия,Макаровна,89999055574,user911@mail.ru,912-130-996 74,02.07.1991
Овчинников,Василий,Сергеевич,89999057271,user912@mail.ru,912-668-722 26,21.11.1996
Киселева,Елена,Алексеевна,89999061265,user913@mail.ru,912-740-776 04,01.12.1999
Ермаков,Алексей,Альбертович,89999065614,user914@mail.ru,914-381-624 03,08.08.1940
Гурьева,Дарья,Леонидовна,89999066671,user915@mail.ru,914-408-648 05,16.05.1986
Марков,Евгений,Альбертович,89999084759,user916@mail.ru,914-725-819 22,08.03.1979
Мухина,Ксения,Леонидовна,89999092006,user917@mail.ru,915-232-157 78,04.10.1952
Данилов,Денис,Фёдорович,89999109104,user918@mail.ru,920-608-838 01,21.10.1959
Суханова,Регина,Германовна,89999111329,user919@mail.ru,921-326-688 97,11.12.2002
Костин,Евгений,Матвеевич,89999117867,user920@mail.ru,921-520-724 72,01.10.1990
Лаврентьева,Анжела,Станиславовна,89999158137,user921@mail.ru,922-109-844 88,15.07.1959
Федотов,Игорь,Семёнович,89999168636,user922@mail.ru,923-442-261 88,21.12.1995
Афанасьева,Евгения,Викторовна,89999170619,user923@mail.ru,923-510-349 78,02.04.1926
Елисеев,Дмитрий,Максимович,89999176880,user924@mail.ru,923-897-599 79,03.11.1960
Шарова,Арина,Олеговна,89999203733,user925@mail.ru,926-830-487 35,29.10.1928
Гордеев,Илья,Макарович,89999272578,user926@mail.ru,927-342-510 07,06.07.1977
Щукина,Антонида,Аркадьевна,89999282078,user927@mail.ru,927-484-989 76,08.03.1929
Щербаков,Дмитрий,Борисович,89999287862,user928@mail.ru,928-841-147 41,18.12.1929
Сорокина,Ульяна,Романовна,89999305875,user929@mail.ru,928-894-765 98,04.09.1928
Карпов,Владимир,Семёнович,89999315804,user930@mail.ru,930-038-472 79,12.10.1977
Наумова,Ксения,Сергеевна,89999322813,user931@mail.ru,930-855-478 30,25.11.1955
Матвеев,Никита,Леонидович,89999327924,user932@mail.ru,931-128-003 62,27.04.1957
Корнилова,Ангелина,Леонидовна,89999328857,user933@mail.ru,931-461-412 85,11.03.1936
Афанасьев,Степан,Семёнович,89999330636,user934@mail.ru,931-702-570 90,13.09.1939
Куликова,Анфиса,Игоревна,89999339187,user935@mail.ru,934-078-061 11,14.11.1969
Захаров,Артём,Вячеславович,89999360744,user936@mail.ru,934-335-697 27,07.06.1955
Гуляева,Раиса,Вадимовна,89999361489,user937@mail.ru,934-941-964 52,12.11.1969
Доронин,Егор,Ильич,89999369589,user938@mail.ru,935-275-241 20,20.10.1973
Егорова,София,Геннадьевна,89999372943,user939@mail.ru,936-395-461 53,21.07.1929
Новиков,Никита,Валентинович,89999374659,user940@mail.ru,936-596-989 96,27.09.1999
Белова,Анжелика,Григорьевна,89999376564,user941@mail.ru,938-716-365 56,01.10.1986
Власов,Александр,Антонович,89999378320,user942@mail.ru,939-052-159 21,20.12.1957
Лукина,Анжелика,Фёдоровна,89999389509,user943@mail.ru,944-717-823 45,31.01.1968
Гордеев,Антон,Леонидович,89999391631,user944@mail.ru,945-089-541 46,27.11.1981
Кузьмина,Вера,Георгиевна,89999392609,user945@mail.ru,945-210-324 81,24.07.1967
Моисеев,Степан,Ярославович,89999398661,user946@mail.ru,945-416-755 35,22.04.1954
Беляева,Маргарита,Игнатьевна,89999403985,user947@mail.ru,947-177-174 50,16.04.1928
Копылов,Лаврентий,Лукич,89999409598,user948@mail.ru,948-437-083 53,07.01.1942
Медведева,Татьяна,Станиславовна,89999445300,user949@mail.ru,948-521-869 56,03.08.1961
Гурьев,Лаврентий,Александрович,89999451711,user950@mail.ru,950-541-669 12,04.06.1983
Кудрявцева,Раиса,Игоревна,89999475944,user951@mail.ru,951-001-814 61,29.08.1948
Беляков,Олег,Ильич,89999497208,user952@mail.ru,951-627-159 22,15.10.1984
Кононова,Кира,Романовна,89999499407,user953@mail.ru,955-538-658 67,13.05.1925
Веселов,Илья,Васильевич,89999528074,user954@mail.ru,956-073-903 38,08.07.2002
Дементьева,Нина,Аркадьевна,89999546160,user955@mail.ru,956-522-007 16,19.06.1976
Шубин,Андрей,Григорьевич,89999580613,user956@mail.ru,956-842-933 73,05.10.1985
Воронова,Евгения,Семёновна,89999583179,user957@mail.ru,956-993-741 01,20.09.2002
Воронов,Никита,Фёдорович,89999596008,user958@mail.ru,957-146-420 34,11.11.1993
Мамонтова,Елена,Альбертовна,89999597805,user959@mail.ru,957-905-238 62,18.06.1950
Дроздов,Даниил,Александрович,89999602537,user960@mail.ru,958-296-671 89,23.11.1983
Доронина,Ирина,Валентиновна,89999610568,user961@mail.ru,960-080-928 06,27.01.1941
Емельянов,Эдуард,Дмитриевич,89999615900,user962@mail.ru,960-908-002 15,14.06.1999
Рябова,Анжела,Владимировна,89999617175,user963@mail.ru,961-420-564 00,09.12.1999
Николаев,Алексей,Егорович,89999622142,user964@mail.ru,962-111-401 70,18.11.1955
Мамонтова,Алла,Валерьевна,89999629384,user965@mail.ru,962-465-825 48,01.12.1971
Шарапов,Игнатий,Семёнович,89999638699,user966@mail.ru,962-859-538 79,16.09.1992
Стрелкова,Алевтина,Вадимовна,89999647812,user967@mail.ru,963-477-603 56,18.07.1950
Стрелков,Виктор,Ярославович,89999649629,user968@mail.ru,964-095-940 55,14.09.1980
Меркушева,Жанна,Анатольевна,89999652649,user969@mail.ru,965-292-056 43,18.06.1976
Мишин,Станислав,Никитич,89999673612,user970@mail.ru,965-627-689 79,20.08.1936
Кононова,Анфиса,Егоровна,89999681902,user971@mail.ru,965-870-290 69,25.12.1928
Степанов,Максим,Матвеевич,89999698136,user972@mail.ru,966-151-624 30,01.08.1936
Воробьева,София,Арсеньевна,89999703901,user973@mail.ru,966-797-573 15,15.11.1946
Баранов,Егор,Фёдорович,89999704254,user974@mail.ru,968-285-823 86,30.10.1965
Федотова,Оксана,Юрьевна,89999722774,user975@mail.ru,969-355-565 85,04.11.1931
Новиков,Константин,Валерьевич,89999727670,user976@mail.ru,970-953-636 56,24.10.1985
Давыдова,Лариса,Евгеньевна,89999731958,user977@mail.ru,971-063-017 94,15.09.1960
Терентьев,Валентин,Григорьевич,89999741021,user978@mail.ru,973-253-570 34,13.06.1935
Коновалова,Вера,Альбертовна,89999756173,user979@mail.ru,976-598-113 92,23.01.1964
Субботин,Георгий,Арсеньевич,89999835903,user980@mail.ru,977-197-504 82,13.01.1999
Селезнева,Любовь,Матвеевна,89999837025,user981@mail.ru,979-062-513 56,05.08.1949
Прохоров,Макар,Никитич,89999843301,user982@mail.ru,979-701-787 88,18.12.1991
Данилова,Светлана,Григорьевна,89999861118,user983@mail.ru,980-252-037 01,06.06.1986
Фролов,Владислав,Лаврентьевич,89999862027,user984@mail.ru,981-695-604 73,20.01.1989
Фомичева,Валерия,Макаровна,89999864407,user985@mail.ru,982-187-524 54,10.10.1997
Фадеев,Максим,Юрьевич,89999866073,user986@mail.ru,984-161-121 19,04.11.1932
Воронцова,Раиса,Ильинична,89999884141,user987@mail.ru,984-551-596 69,01.12.1997
Шашков,Анатолий,Степанович,89999898484,user988@mail.ru,986-970-647 06,13.08.1942
Антонова,Наталья,Вадимовна,89999901368,user989@mail.ru,987-032-064 31,22.12.1987
Туров,Семён,Юрьевич,89999904405,user990@mail.ru,988-067-433 78,30.05.1991
Сысоева,Лидия,Михайловна,89999905050,user991@mail.ru,992-682-038 63,14.01.1973
Петухов,Арсений,Артёмович,89999916399,user992@mail.ru,994-349-558 86,24.11.1931
Мясникова,Евгения,Романовна,89999936451,user993@mail.ru,994-357-589 90,30.12.1982
Богданов,Александр,Романович,89999948403,user994@mail.ru,994-946-229 96,05.05.1958
Коновалова,Маргарита,Витальевна,89999958896,user995@mail.ru,994-950-011 61,06.10.1989
Иванов,Олег,Фёдорович,89999962364,user996@mail.ru,995-794-978 37,30.06.1985
Селезнева,Мария,Никитична,89999974952,user997@mail.ru,996-118-606 60,04.01.1979
Веселов,Михаил,Альбертович,89999992929,user998@mail.ru,999-346-010 78,22.12.1933
Смирнова,Мария,Григорьевна,89999998576,user999@mail.ru,999-654-339 14,04.08.1946
